Nes,rep,N,r,window_1,window_2
0.0,49,1000,0.0001,0.021287393909695633,0.028087877621881193
4.0,47,1000,0.0001,0.02312686440022012,0.022637719998999984
2.0,46,1000,0.0001,0.035169574464723276,0.02734751093454684
0.0,199,1000,0.0001,0.02995768171708588,0.028074540363018246
2.0,1,1000,0.0001,0.027163846408320553,0.025937390871543703
50.0,44,1000,0.0001,0.031089873514675834,0.03129574933346677
30.0,40,1000,0.0001,0.027968687149357557,0.03115414178008906
100.0,23,1000,0.0001,0.02916214451722598,0.02995078923446183
2.0,45,1000,0.0001,0.025841632770638633,0.020288617145857384
100.0,47,1000,0.0001,0.02746355232161619,0.02453668369118473
2.0,15,1000,0.0001,0.026210563559178047,0.03039289979198966
15.0,35,1000,0.0001,0.030241389822491232,0.02710841574078727
50.0,46,1000,0.0001,0.03218047447972413,0.032587525799290085
8.0,37,1000,0.0001,0.03139434589429489,0.02507821569378479
0.02,10,1000,0.0001,0.0259099478223912,0.02856213393069663
25.0,0,1000,0.0001,0.03066201176458833,0.027678181328066476
1.0,11,1000,0.0001,0.018055152524626323,0.02363353634081713
18.0,39,1000,0.0001,0.030739903367168517,0.029075159047952503
200.0,9,1000,0.0001,0.02700739465473281,0.02860245551477589
2.0,17,1000,0.0001,0.01803376724636234,0.027270342534126756
0.0,80,1000,0.0001,0.03140307934396725,0.02692434946947359
18.0,37,1000,0.0001,0.02742702485324278,0.026761704589229555
22.0,38,1000,0.0001,0.0315284819130957,0.03178228215310778
15.0,31,1000,0.0001,0.03151779132656648,0.03202411210060519
24.0,7,1000,0.0001,0.02368476694834758,0.02753379119655995
30.0,25,1000,0.0001,0.024232860868043445,0.026203345614280744
5.0,17,1000,0.0001,0.021464004328216497,0.02659538734336728
12.0,5,1000,0.0001,0.029740515722786336,0.02746574254612744
0.0,40,1000,0.0001,0.020200405949297565,0.02473302810940569
1.0,48,1000,0.0001,0.02446520677033858,0.02231852567628389
0.5,22,1000,0.0001,0.028681677738887017,0.033529903817190926
30.0,0,1000,0.0001,0.02758759781089065,0.02641273830691549
8.0,12,1000,0.0001,0.031819731161558215,0.03098806978148917
0.2,29,1000,0.0001,0.03192300687534393,0.025115977567878544
8.0,48,1000,0.0001,0.021844674217710976,0.026058923714185857
25.0,14,1000,0.0001,0.027217032514625827,0.023895908432421703
0.0,207,1000,0.0001,0.028405570039502153,0.030720653094654934
0.0,222,1000,0.0001,0.026436199949997557,0.0275285090294516
5.0,20,1000,0.0001,0.02743055144157207,0.026855468840442074
30.0,2,1000,0.0001,0.02829498487224372,0.028737276393819844
24.0,30,1000,0.0001,0.02950970789539491,0.0318725851832594
0.0,118,1000,0.0001,0.030382863667183402,0.03067766674333733
0.02,15,1000,0.0001,0.027833089855492914,0.027414868299415123
15.0,17,1000,0.0001,0.02590361457872905,0.017895868847442466
12.0,39,1000,0.0001,0.016668620885044297,0.0219959425481275
10.0,38,1000,0.0001,0.024716680166008465,0.020529540941047215
5.0,49,1000,0.0001,0.026221951930596673,0.026977731712585797
0.5,32,1000,0.0001,0.027895473355667902,0.023078793539677147
24.0,9,1000,0.0001,0.028677018587929565,0.028753665432271765
0.05,48,1000,0.0001,0.029899247404370374,0.029743394415720957
2.0,29,1000,0.0001,0.02860515288464434,0.0281510793669684
30.0,21,1000,0.0001,0.029995037857893102,0.029240276476823913
0.1,40,1000,0.0001,0.02383097345467282,0.025154294444722298
0.01,44,1000,0.0001,0.02750398880144028,0.02579724246712353
0.02,28,1000,0.0001,0.025357040911045736,0.02152588398019918
0.0,57,1000,0.0001,0.02934400205010256,0.02950493320866056
0.0,43,1000,0.0001,0.026141626631331617,0.025310923104155378
0.05,4,1000,0.0001,0.02979805999800005,0.029503072538627065
0.2,6,1000,0.0001,0.025898431845592467,0.027033983632181787
12.0,40,1000,0.0001,0.021563964573228827,0.029297158441922214
0.0,123,1000,0.0001,0.023127068639432063,0.027818704859243128
4.0,37,1000,0.0001,0.032179526757338144,0.028987512647632503
1.0,18,1000,0.0001,0.028660476947847513,0.02678170541327076
0.01,29,1000,0.0001,0.029098275028751543,0.03266882910045511
20.0,21,1000,0.0001,0.02574811337466893,0.023123566558327986
8.0,46,1000,0.0001,0.030923045419271194,0.025182467858393055
50.0,7,1000,0.0001,0.030181055119756047,0.02728611867493388
50.0,25,1000,0.0001,0.022938727392369712,0.026760864984249285
5.0,28,1000,0.0001,0.029194794279714182,0.029297907484374264
5.0,3,1000,0.0001,0.028916249991499707,0.022448076229811566
20.0,39,1000,0.0001,0.02776566621831103,0.03047695306065305
0.0,0,1000,0.0001,0.02138874462323131,0.025411149774488807
0.2,47,1000,0.0001,0.02698732655832802,0.02569096091204567
0.0,122,1000,0.0001,0.029391362786139415,0.023306375998799984
30.0,49,1000,0.0001,0.029293736856842997,0.032610116091804774
8.0,16,1000,0.0001,0.024941598627931414,0.020456153754687834
0.01,19,1000,0.0001,0.02838609154757755,0.027073377275863897
0.0,157,1000,0.0001,0.019528026416320943,0.017567911656582915
0.5,11,1000,0.0001,0.026880586942347254,0.019116006542327254
200.0,32,1000,0.0001,0.027854289419471115,0.024277697636881927
0.2,13,1000,0.0001,0.02736037216960859,0.02498459869793499
100.0,19,1000,0.0001,0.029604531682584225,0.024408333893694744
0.05,21,1000,0.0001,0.0285071678563929,0.03000415289264476
0.2,14,1000,0.0001,0.021979833858693017,0.0275340002360119
15.0,20,1000,0.0001,0.026185885532276718,0.02770861199459994
0.02,46,1000,0.0001,0.030702524676233953,0.030890344954247796
10.0,15,1000,0.0001,0.02080084525426284,0.0266824010950549
5.0,30,1000,0.0001,0.029986522815140835,0.03157838765438288
0.05,28,1000,0.0001,0.027035580523026174,0.026397379071953667
22.0,26,1000,0.0001,0.028486644740237172,0.026403589437471942
5.0,11,1000,0.0001,0.027545666127306488,0.02129484577328879
12.0,49,1000,0.0001,0.019378201136056903,0.02046960724236222
25.0,25,1000,0.0001,0.022374718158908097,0.020220737961898216
4.0,48,1000,0.0001,0.019253779365968414,0.0184112192499626
0.1,3,1000,0.0001,0.02774541228961462,0.029807133253662813
20.0,23,1000,0.0001,0.024289327837391995,0.02947921394769749
0.5,47,1000,0.0001,0.02642614951447585,0.02778172283014171
2.0,3,1000,0.0001,0.025645614344717352,0.027160349165458477
0.1,22,1000,0.0001,0.021465334513725797,0.03008881850892556
0.2,23,1000,0.0001,0.026393064296214987,0.02363819658582938
0.1,39,1000,0.0001,0.024385422971148752,0.027129113934696945
30.0,27,1000,0.0001,0.02855652602630138,0.03002500866943363
10.0,36,1000,0.0001,0.02457945627581386,0.025510275691784656
28.0,2,1000,0.0001,0.017698081930096612,0.027082893718686024
0.0,7,1000,0.0001,0.027730721535076885,0.030143191449572594
15.0,49,1000,0.0001,0.024315828583429313,0.02432611036151814
0.0,63,1000,0.0001,0.029572748823441224,0.029367550945547265
1.0,9,1000,0.0001,0.02585985939596987,0.021056609500475106
5.0,12,1000,0.0001,0.03023952827441386,0.031330617651882706
30.0,43,1000,0.0001,0.027208270293514785,0.026669461332066713
2.0,44,1000,0.0001,0.02817284077003864,0.026544668556428026
8.0,36,1000,0.0001,0.027220301867093472,0.02720324691334571
0.0,183,1000,0.0001,0.03397443311165568,0.028945256370818635
30.0,19,1000,0.0001,0.03034095963498181,0.030231775500775115
22.0,41,1000,0.0001,0.028865035610780757,0.023998038963948316
18.0,20,1000,0.0001,0.01874951052152615,0.027622699709985585
0.5,21,1000,0.0001,0.02740160864343224,0.03046087696884852
24.0,18,1000,0.0001,0.030600672663633265,0.023385338767938513
0.0,200,1000,0.0001,0.030027713537677005,0.024783748375418926
25.0,9,1000,0.0001,0.02199284899544988,0.028226812327616507
1.0,45,1000,0.0001,0.02093113798289926,0.025676937654882857
0.0,2,1000,0.0001,0.019960992307615506,0.027694506364318396
0.0,245,1000,0.0001,0.027767810882544246,0.02840915504075216
5.0,22,1000,0.0001,0.028911236043802337,0.029295276983849386
28.0,17,1000,0.0001,0.026043121324066335,0.030726829198460034
0.0,133,1000,0.0001,0.030802235599780146,0.0317679666063304
18.0,27,1000,0.0001,0.030297579236961934,0.027273504056202824
0.0,125,1000,0.0001,0.03161476009100471,0.029723006344317463
24.0,35,1000,0.0001,0.030643325177258953,0.02649098162508138
30.0,30,1000,0.0001,0.023835086541327082,0.03096418211910609
0.0,37,1000,0.0001,0.014883986572328683,0.018844250686534413
200.0,8,1000,0.0001,0.026097861863093312,0.03072592848442437
10.0,48,1000,0.0001,0.028013893073653845,0.030457618854942903
24.0,27,1000,0.0001,0.020349950662533364,0.02114423460073011
25.0,2,1000,0.0001,0.03096597460173015,0.029589840047002526
28.0,37,1000,0.0001,0.022410246711335683,0.023566878943947305
50.0,16,1000,0.0001,0.02748662786539332,0.02223679308765445
0.0,179,1000,0.0001,0.02465624611830599,0.019133984792239732
20.0,37,1000,0.0001,0.0280123498334918,0.023834772887644438
0.5,17,1000,0.0001,0.021544769222461197,0.013818370539527112
0.0,67,1000,0.0001,0.021185774316715967,0.02309163773288679
28.0,1,1000,0.0001,0.028892624394219774,0.026598206416321005
12.0,18,1000,0.0001,0.03207370068803449,0.029522493069653592
0.5,7,1000,0.0001,0.02023814585029264,0.018540067927396466
0.5,12,1000,0.0001,0.026404395793789753,0.02408633381469078
28.0,47,1000,0.0001,0.02303587393169674,0.029810374412720723
25.0,49,1000,0.0001,0.026748908790439656,0.030574475851792682
12.0,0,1000,0.0001,0.028334718064903383,0.031941945610280666
18.0,5,1000,0.0001,0.024873541497074974,0.021788764889244545
1.0,23,1000,0.0001,0.02928642680734042,0.03052883816490832
5.0,37,1000,0.0001,0.02847769506075316,0.025855653246662513
20.0,7,1000,0.0001,0.02905354298814959,0.026373262197110017
0.05,46,1000,0.0001,0.028487900037001947,0.02573716928446436
0.02,14,1000,0.0001,0.022578483614180887,0.020496671178558988
0.5,14,1000,0.0001,0.026552520399020067,0.02583800887244381
0.5,28,1000,0.0001,0.028821203352167656,0.026401750029501583
0.01,30,1000,0.0001,0.030026757727886575,0.02868074474923767
2.0,22,1000,0.0001,0.03098994329316475,0.027324509659483118
10.0,28,1000,0.0001,0.029601822555127756,0.021834594321716208
25.0,27,1000,0.0001,0.028695945379268995,0.028553767661383244
0.0,146,1000,0.0001,0.02925774892644641,0.028590218512925737
8.0,22,1000,0.0001,0.028153353017650956,0.02514014242112118
1.0,32,1000,0.0001,0.027883382004100423,0.02160615440772058
4.0,12,1000,0.0001,0.023676360487024456,0.028624626277313957
12.0,13,1000,0.0001,0.025563110611530698,0.02783452819440988
10.0,17,1000,0.0001,0.02438187304465243,0.02671157945297274
22.0,35,1000,0.0001,0.02616274578328924,0.030987212732636743
20.0,0,1000,0.0001,0.028789445415270787,0.025170996758838042
0.0,202,1000,0.0001,0.025742606026301382,0.02883185092254625
8.0,44,1000,0.0001,0.030396364025201416,0.03197847769488481
25.0,31,1000,0.0001,0.028746202051102693,0.029775978021901257
18.0,35,1000,0.0001,0.01902951277563883,0.02621705590679531
0.0,212,1000,0.0001,0.027360753104655397,0.02711622953847711
200.0,46,1000,0.0001,0.019080090256512982,0.02721738344717245
0.0,38,1000,0.0001,0.023270993483674327,0.025099796018801097
20.0,31,1000,0.0001,0.02477987019851006,0.026537480835041878
0.5,9,1000,0.0001,0.026044490229511587,0.02047504929846504
0.0,55,1000,0.0001,0.031248077075853916,0.02604235310865557
0.01,7,1000,0.0001,0.028947339197960106,0.029061742774138817
0.1,13,1000,0.0001,0.03204509474473732,0.027495229239462123
0.02,39,1000,0.0001,0.025895572498625063,0.023725454761738218
0.2,17,1000,0.0001,0.0274601515955799,0.028866853097655
28.0,15,1000,0.0001,0.026749702626131393,0.02780875631081559
12.0,47,1000,0.0001,0.027266688523426244,0.028811229260463228
30.0,6,1000,0.0001,0.03366482811740594,0.032409601082054276
30.0,24,1000,0.0001,0.029315879992999776,0.029900165492274755
0.0,142,1000,0.0001,0.022980174156707955,0.02483152883244167
0.2,28,1000,0.0001,0.032274669318466065,0.0293751109215462
18.0,1,1000,0.0001,0.01502973459873003,0.02805800696434836
4.0,29,1000,0.0001,0.02597485224661251,0.025720082687134414
0.01,46,1000,0.0001,0.024525187361368148,0.025825865514275886
0.0,46,1000,0.0001,0.022650071067553436,0.015069418806940436
25.0,4,1000,0.0001,0.03177640772338627,0.028625533798690067
0.1,14,1000,0.0001,0.03099415841392085,0.028016956881844236
0.2,31,1000,0.0001,0.026876033018651043,0.02772920707735401
15.0,48,1000,0.0001,0.030302882917146036,0.031017341182059215
50.0,20,1000,0.0001,0.02936616297614895,0.027842454507725534
200.0,28,1000,0.0001,0.032254097983899305,0.031098415009750465
20.0,24,1000,0.0001,0.02383205416370832,0.02568846636931855
0.0,172,1000,0.0001,0.024653223402170243,0.028467392043602303
0.05,29,1000,0.0001,0.02968422767538389,0.021345145921296205
10.0,41,1000,0.0001,0.03064631448672444,0.026580087102355224
0.0,60,1000,0.0001,0.0287195698314916,0.030799332056602895
2.0,26,1000,0.0001,0.028860110303515273,0.020784384111205624
5.0,32,1000,0.0001,0.023352798370918713,0.023455455958798152
0.02,38,1000,0.0001,0.03050415696184811,0.028063029504475465
50.0,0,1000,0.0001,0.022207769107455547,0.02180698713435685
0.02,49,1000,0.0001,0.02494735912895656,0.027171135564778355
8.0,41,1000,0.0001,0.026563106842342244,0.02697021387169367
200.0,41,1000,0.0001,0.03029813748987453,0.029285039733986794
2.0,49,1000,0.0001,0.02790566548127411,0.0287533702075105
0.0,119,1000,0.0001,0.0327344302705137,0.02874607973698697
0.05,35,1000,0.0001,0.025842413386669358,0.02118013455072764
20.0,2,1000,0.0001,0.026931965864293295,0.026507191862593253
2.0,5,1000,0.0001,0.025787478742937235,0.028527454036701955
0.05,14,1000,0.0001,0.028491136784839312,0.02824459031651592
0.0,51,1000,0.0001,0.02168395035251767,0.023770108669433587
0.5,43,1000,0.0001,0.02885436483324175,0.024990143354167837
0.0,101,1000,0.0001,0.023715657290864656,0.021722696835841892
50.0,14,1000,0.0001,0.026728208354417825,0.02400400111105566
2.0,43,1000,0.0001,0.024380675992799812,0.030719835036751898
0.0,136,1000,0.0001,0.02269391450272525,0.022837788904445343
50.0,30,1000,0.0001,0.028342816813840852,0.030147539825991367
0.5,38,1000,0.0001,0.015629781747087464,0.0155327623361169
4.0,4,1000,0.0001,0.02977688879744009,0.02608357857092869
50.0,4,1000,0.0001,0.027300010261513154,0.02781196885944308
0.02,20,1000,0.0001,0.02918560051502583,0.025302416803840298
0.0,113,1000,0.0001,0.025828739988999597,0.028949948441422173
8.0,3,1000,0.0001,0.028842124348217486,0.02629991625281266
0.01,37,1000,0.0001,0.022446000802040213,0.03012159764588247
0.5,49,1000,0.0001,0.027412175643782264,0.02362880764638243
22.0,36,1000,0.0001,0.03007900142707136,0.02468896653232678
10.0,44,1000,0.0001,0.02412780172408639,0.02082303749587499
15.0,14,1000,0.0001,0.029017801928096533,0.0308140773188661
28.0,22,1000,0.0001,0.02604912634131723,0.025129493705685426
18.0,0,1000,0.0001,0.03070380393019663,0.02983122221011063
4.0,35,1000,0.0001,0.025686178545927498,0.032094709047452506
0.5,16,1000,0.0001,0.026447745467273437,0.03128681213960713
5.0,24,1000,0.0001,0.024656583615180794,0.023863750884544364
15.0,29,1000,0.0001,0.02744852222211116,0.026941835284764397
4.0,23,1000,0.0001,0.02771608709535481,0.027798343682184146
15.0,13,1000,0.0001,0.028848386143307318,0.029994322960148128
8.0,21,1000,0.0001,0.028715972621631194,0.026056968780439137
0.01,11,1000,0.0001,0.02128476834341723,0.025989533687684484
18.0,23,1000,0.0001,0.028101108684434314,0.03187975555077763
0.2,22,1000,0.0001,0.0237308994089706,0.029079402877143973
0.0,144,1000,0.0001,0.02944763133656686,0.03180904957447884
0.01,38,1000,0.0001,0.02522898548827457,0.03353733397269884
0.0,8,1000,0.0001,0.027235062707135473,0.019087458858943033
200.0,39,1000,0.0001,0.026716477754887894,0.029844934265713448
15.0,37,1000,0.0001,0.029315027249362653,0.02756784043302187
18.0,44,1000,0.0001,0.025763263684184388,0.027559705806290424
0.0,23,1000,0.0001,0.022445946619331143,0.023918577488874607
0.0,16,1000,0.0001,0.02813007280164024,0.0322646260243014
200.0,33,1000,0.0001,0.028591157960898214,0.029698360892044712
100.0,9,1000,0.0001,0.029795418839942085,0.02863324406320324
0.0,26,1000,0.0001,0.024984919654982847,0.025357412144607405
0.02,2,1000,0.0001,0.03301922931446591,0.03242364812440635
10.0,42,1000,0.0001,0.025733743660183096,0.02066844071203571
1.0,21,1000,0.0001,0.030330832628631555,0.03114868908245427
0.05,37,1000,0.0001,0.025959039616980952,0.030372198621931246
0.2,18,1000,0.0001,0.02477445810590531,0.02166515354667744
12.0,8,1000,0.0001,0.022679841173058712,0.02515660828141425
24.0,33,1000,0.0001,0.03159094735436784,0.029112348658433023
0.0,181,1000,0.0001,0.027577856949847615,0.02746409092554638
0.0,99,1000,0.0001,0.02751803028751449,0.026958144223211186
0.0,166,1000,0.0001,0.027419820822041238,0.026495891668583647
5.0,33,1000,0.0001,0.02741139217460888,0.02710963868493435
0.0,176,1000,0.0001,0.03383173789189464,0.029573977507875503
100.0,6,1000,0.0001,0.02525867172958659,0.024905056185809436
5.0,5,1000,0.0001,0.029776366447322487,0.025875910286514408
0.2,9,1000,0.0001,0.03004183720586046,0.028213890377519004
0.0,77,1000,0.0001,0.0316671659642983,0.0306010329316467
4.0,42,1000,0.0001,0.03192984183209176,0.02904745288964458
0.0,102,1000,0.0001,0.03342881985999307,0.027627843508175483
1.0,44,1000,0.0001,0.027936668994449815,0.030353959340967167
0.02,16,1000,0.0001,0.03194804723736203,0.028160288910445575
18.0,32,1000,0.0001,0.02599570918745948,0.02935707205060262
4.0,33,1000,0.0001,0.028164625624281348,0.020380356951847728
0.05,17,1000,0.0001,0.02706678971748611,0.028059295347767528
0.05,33,1000,0.0001,0.02682617022951153,0.027366873742687203
2.0,35,1000,0.0001,0.02989445876793852,0.025850437047852615
2.0,28,1000,0.0001,0.02233763233661695,0.028261852219611125
0.05,34,1000,0.0001,0.030911595921796202,0.02910590326216331
0.2,26,1000,0.0001,0.022979317550877648,0.021408096359818107
12.0,1,1000,0.0001,0.018476315728786528,0.018803498100905165
18.0,22,1000,0.0001,0.027674983235161765,0.028426722066103412
0.5,27,1000,0.0001,0.02967638707135365,0.029709840332016735
0.0,230,1000,0.0001,0.029326953377668993,0.019967379744987423
0.0,240,1000,0.0001,0.023740839772988683,0.03081963263863204
8.0,25,1000,0.0001,0.029628177411870682,0.028775773701685246
28.0,32,1000,0.0001,0.028231772487624544,0.024549017352867783
15.0,44,1000,0.0001,0.02884952978048911,0.030455943389169522
0.0,117,1000,0.0001,0.030357565083254347,0.02838854244712243
0.01,33,1000,0.0001,0.02359783614280735,0.027234175006750478
18.0,30,1000,0.0001,0.03021239978098916,0.026800665799290063
0.02,0,1000,0.0001,0.030939853547677542,0.02983488658632943
22.0,45,1000,0.0001,0.0269228006490326,0.024267944129206517
0.1,27,1000,0.0001,0.01894800730936559,0.018423168357417984
2.0,7,1000,0.0001,0.03253490351817598,0.026336770549527596
22.0,4,1000,0.0001,0.026048646712335692,0.025202800750037644
1.0,15,1000,0.0001,0.03079933523976207,0.024214245597279926
0.0,129,1000,0.0001,0.02039304912645646,0.019914283906195415
22.0,24,1000,0.0001,0.02459979914295726,0.02642173865393287
4.0,44,1000,0.0001,0.024686821065053377,0.02853170911645591
28.0,41,1000,0.0001,0.02996692276913855,0.024448696590829672
0.05,49,1000,0.0001,0.02883392125706299,0.025620161525076277
0.0,33,1000,0.0001,0.027943952015600775,0.023212812041602204
0.0,194,1000,0.0001,0.027691382369118576,0.027426882794139778
0.1,16,1000,0.0001,0.027349223255162848,0.03404751064653237
50.0,45,1000,0.0001,0.03154276750137515,0.027097827806390473
0.05,42,1000,0.0001,0.033276407257363,0.024792336295814947
0.01,39,1000,0.0001,0.023322628005400404,0.02781648637231877
0.0,95,1000,0.0001,0.025999309111455687,0.024096196508825548
20.0,35,1000,0.0001,0.029254151174558894,0.026354776431821665
0.0,141,1000,0.0001,0.02706228735936802,0.030360448749437496
22.0,27,1000,0.0001,0.03259870692934658,0.031313528625431346
22.0,37,1000,0.0001,0.027296359890994642,0.030398375874793816
18.0,2,1000,0.0001,0.019675723914195815,0.017765987163358313
28.0,23,1000,0.0001,0.03122833954197721,0.03012266182209121
0.0,111,1000,0.0001,0.02978854970048521,0.028926574458723042
0.5,6,1000,0.0001,0.020983055006750455,0.019184547626381457
0.02,36,1000,0.0001,0.028065684366218414,0.027249469675483907
0.01,35,1000,0.0001,0.027608627371368703,0.032191678378919036
10.0,37,1000,0.0001,0.028667287299365064,0.026474527317366044
18.0,13,1000,0.0001,0.03146163973798694,0.03229836811540591
2.0,23,1000,0.0001,0.024290960580029042,0.025593662347117477
12.0,38,1000,0.0001,0.02601441456172826,0.027159122923146276
0.1,0,1000,0.0001,0.029934058404920375,0.029025615988799547
8.0,17,1000,0.0001,0.02963540248912452,0.031299490766538436
100.0,14,1000,0.0001,0.028861351371568627,0.02434148255212774
0.0,187,1000,0.0001,0.027344525839292148,0.032035498329916624
28.0,16,1000,0.0001,0.02748581889494481,0.027341747830391595
0.5,31,1000,0.0001,0.02880133016650842,0.027601516699835106
0.01,23,1000,0.0001,0.023581869106455447,0.022928858927946532
18.0,11,1000,0.0001,0.022302278645932396,0.028753006116305893
0.0,94,1000,0.0001,0.02985611576778851,0.02832973094254719
0.1,43,1000,0.0001,0.027376568656432943,0.02494184234811746
18.0,45,1000,0.0001,0.02836670470723548,0.029081707826391533
10.0,21,1000,0.0001,0.02548357837291879,0.027911497865893427
0.01,47,1000,0.0001,0.02699615064753251,0.02974756110205529
24.0,40,1000,0.0001,0.028766825045252346,0.027835282396119987
100.0,41,1000,0.0001,0.028398137177859037,0.0276450599419972
25.0,48,1000,0.0001,0.031396764720236114,0.028880797214860802
0.0,74,1000,0.0001,0.032191601184059324,0.02746992698334929
30.0,1,1000,0.0001,0.030137555165758414,0.0310371911865594
0.0,148,1000,0.0001,0.027451845879294116,0.028409645519276067
0.2,21,1000,0.0001,0.03084460505425276,0.03104797169658495
0.0,182,1000,0.0001,0.02566525259362981,0.025090968291414707
4.0,25,1000,0.0001,0.02640582463523184,0.025976207600380063
12.0,37,1000,0.0001,0.026649493884694397,0.027647197757887938
0.2,36,1000,0.0001,0.029450288257412995,0.029485692835641827
0.0,83,1000,0.0001,0.028042106554327824,0.030034822138106976
30.0,22,1000,0.0001,0.027745220008000462,0.028470455992799758
0.02,31,1000,0.0001,0.023408270869543554,0.028831708708435502
0.5,48,1000,0.0001,0.020465771021551286,0.01439384766438333
200.0,27,1000,0.0001,0.03151800316415825,0.028630256737837055
5.0,43,1000,0.0001,0.02789146663433184,0.02664320076003807
30.0,38,1000,0.0001,0.025270410047502426,0.028105465747287468
0.2,41,1000,0.0001,0.027145062472123737,0.01922509308065412
28.0,30,1000,0.0001,0.021654511078554022,0.02738321545477283
0.5,33,1000,0.0001,0.026248677081854167,0.023682858267913512
0.05,43,1000,0.0001,0.03271799313865707,0.03167681603380179
100.0,33,1000,0.0001,0.028176640013000763,0.027082344397219946
0.02,48,1000,0.0001,0.027627760467023376,0.02840345403570193
0.01,21,1000,0.0001,0.029189754526726425,0.029067480406020422
0.5,2,1000,0.0001,0.02767779372568647,0.023325417103855318
0.0,234,1000,0.0001,0.024209311968598515,0.026459733910695615
25.0,6,1000,0.0001,0.019601174062703234,0.019714963520176158
20.0,49,1000,0.0001,0.02080768149707497,0.026118537524876303
0.0,224,1000,0.0001,0.027622503670183613,0.026859858301915257
30.0,37,1000,0.0001,0.027773863383169315,0.028495468369418676
25.0,42,1000,0.0001,0.03171896532026604,0.030738603362168333
18.0,47,1000,0.0001,0.03216657690484534,0.030543885365268336
8.0,32,1000,0.0001,0.02980572445222274,0.024510762857142994
28.0,10,1000,0.0001,0.02448266817640894,0.02943275120456043
0.05,25,1000,0.0001,0.024816644968248567,0.03130126497424872
2.0,21,1000,0.0001,0.0256240099144959,0.02632883964598236
1.0,22,1000,0.0001,0.023179163621181133,0.01815279725886305
28.0,25,1000,0.0001,0.028116655236762027,0.025853543239162093
4.0,31,1000,0.0001,0.023187299036951974,0.01799055807390377
0.0,158,1000,0.0001,0.026339333436672007,0.025078348448422574
0.0,116,1000,0.0001,0.03332934553927709,0.032571672347617556
15.0,11,1000,0.0001,0.031096673397670048,0.022885397466873413
100.0,37,1000,0.0001,0.018133381825091367,0.02055248615030761
0.0,186,1000,0.0001,0.023406690098505045,0.030443815831791773
30.0,41,1000,0.0001,0.030556457584879376,0.033956198182909285
0.5,24,1000,0.0001,0.029121295993799753,0.027969072363618376
28.0,26,1000,0.0001,0.025378028109405575,0.02526225883594185
0.2,46,1000,0.0001,0.02999712813240684,0.025203580628031456
15.0,24,1000,0.0001,0.03231608711635591,0.0296188655722788
0.0,236,1000,0.0001,0.028767041847092584,0.029093835720786176
22.0,13,1000,0.0001,0.02522028221711103,0.02556586674933754
10.0,6,1000,0.0001,0.026394987388369533,0.030402666880344202
0.0,6,1000,0.0001,0.01627947636881854,0.022574016831841716
30.0,7,1000,0.0001,0.019555660827041455,0.026517045219260946
8.0,49,1000,0.0001,0.028817411437572025,0.031620739795990054
0.1,48,1000,0.0001,0.023767707405370483,0.0240393260343018
0.5,46,1000,0.0001,0.018307669279464017,0.021103683493174798
24.0,5,1000,0.0001,0.025879100897044843,0.021574790260513142
0.0,53,1000,0.0001,0.02643610634731751,0.027968173754687804
20.0,4,1000,0.0001,0.025478369937496942,0.027275243916195877
22.0,34,1000,0.0001,0.02508275686884352,0.026114169673483838
18.0,34,1000,0.0001,0.027870241855092875,0.027958618268913545
10.0,1,1000,0.0001,0.03234391635681789,0.025869643297164964
0.0,90,1000,0.0001,0.02545784574028709,0.023550766319316147
8.0,7,1000,0.0001,0.0141757605740288,0.013759253773688758
0.02,8,1000,0.0001,0.02391804661933108,0.025168841559078076
0.0,139,1000,0.0001,0.025060734277714086,0.025368188894444834
28.0,40,1000,0.0001,0.03201966226911357,0.03167228352017614
18.0,12,1000,0.0001,0.028976390938547036,0.026873253389669536
10.0,26,1000,0.0001,0.019174632555627843,0.024328989492474723
0.0,154,1000,0.0001,0.03040481129656489,0.030421953937697123
0.0,39,1000,0.0001,0.01951844244312229,0.017271048315415784
30.0,31,1000,0.0001,0.02814767356567843,0.0272509229261464
20.0,44,1000,0.0001,0.03170675578578933,0.02473865835191767
15.0,9,1000,0.0001,0.024678642044102306,0.024592216375818945
8.0,30,1000,0.0001,0.02440660720936057,0.025532419873993843
18.0,33,1000,0.0001,0.02755232951147568,0.02380027115855806
30.0,12,1000,0.0001,0.0238724900425022,0.023304556437821942
12.0,3,1000,0.0001,0.02373218195109777,0.023951916141807215
0.0,197,1000,0.0001,0.02772109612280629,0.029944357504875348
50.0,10,1000,0.0001,0.02126000935546781,0.02858837044852254
22.0,43,1000,0.0001,0.02386300237711905,0.025258126356317894
100.0,12,1000,0.0001,0.018451750584529282,0.012318112576628898
15.0,47,1000,0.0001,0.02171916691534587,0.016192245545277335
24.0,46,1000,0.0001,0.028881599072953856,0.028226379859993125
0.5,34,1000,0.0001,0.023101505346267433,0.027796874466723416
50.0,24,1000,0.0001,0.026010828721436126,0.028277497428871482
8.0,8,1000,0.0001,0.02438301677783898,0.025269745746287386
100.0,34,1000,0.0001,0.028088135127756476,0.02642246121306074
0.1,5,1000,0.0001,0.03321238470223521,0.028582448073403783
0.0,170,1000,0.0001,0.02821778222211119,0.03132056108505439
0.1,21,1000,0.0001,0.027113916869843598,0.02709827575678793
18.0,48,1000,0.0001,0.029306816303815306,0.028577420937046974
0.02,32,1000,0.0001,0.03182028813440681,0.027851650003500338
8.0,43,1000,0.0001,0.027602682955147798,0.02188631485274271
25.0,47,1000,0.0001,0.023526636034801925,0.02624096205510286
22.0,6,1000,0.0001,0.027795427698385028,0.02499036857342881
0.5,39,1000,0.0001,0.026716181045052356,0.02697357560778052
0.0,188,1000,0.0001,0.02498198145507281,0.024580154851742766
4.0,24,1000,0.0001,0.0287173183629183,0.030606331469573603
0.0,192,1000,0.0001,0.025908620408020475,0.023763996898845032
22.0,21,1000,0.0001,0.02290028292814646,0.03012536550327533
200.0,45,1000,0.0001,0.02539213315065764,0.032010717791889784
22.0,12,1000,0.0001,0.028730013868693578,0.027130085597279925
1.0,46,1000,0.0001,0.030582988611430686,0.027965622715135835
5.0,48,1000,0.0001,0.02296694311215563,0.027673193679684027
200.0,25,1000,0.0001,0.02741274153707698,0.027583433977698968
1.0,37,1000,0.0001,0.026777498678934013,0.029128420819040973
0.01,41,1000,0.0001,0.028417852853642726,0.02894823576078816
8.0,39,1000,0.0001,0.03439908341717098,0.031059774223711277
0.0,235,1000,0.0001,0.029722080214010783,0.02986670987749393
10.0,24,1000,0.0001,0.027425603136156967,0.025292757495874924
0.02,23,1000,0.0001,0.026732301003050303,0.02432483398669942
0.01,16,1000,0.0001,0.02895905277963908,0.02459978763938201
0.0,69,1000,0.0001,0.03201481005750302,0.030263749655482928
18.0,21,1000,0.0001,0.028049567522376282,0.02402347776588847
5.0,42,1000,0.0001,0.024418962143107292,0.025668006630331593
24.0,14,1000,0.0001,0.02971790715535779,0.024643819497975037
4.0,20,1000,0.0001,0.02194384817940908,0.016819653884694325
0.0,134,1000,0.0001,0.029444232896644915,0.030559103687184428
25.0,5,1000,0.0001,0.023249341773088746,0.024320905108255526
50.0,35,1000,0.0001,0.025673306117305988,0.02771069340867053
100.0,24,1000,0.0001,0.020522557649882596,0.02348984248012401
15.0,23,1000,0.0001,0.030991206779339024,0.0305546371038552
22.0,10,1000,0.0001,0.02925544766438328,0.02714726597629898
0.0,78,1000,0.0001,0.027417774205710402,0.03170053093254675
10.0,10,1000,0.0001,0.030166208036401933,0.027442478968948598
0.05,22,1000,0.0001,0.028911154404720366,0.02823802386419328
0.05,15,1000,0.0001,0.023696910202510264,0.027691643288164484
0.01,14,1000,0.0001,0.025417192033601686,0.022977924486224363
15.0,27,1000,0.0001,0.028601078802940196,0.027632709171458613
4.0,39,1000,0.0001,0.02281511520576037,0.028509110016500933
20.0,48,1000,0.0001,0.018079955526776468,0.02060722603530185
28.0,35,1000,0.0001,0.029674754789739643,0.02998524970648549
0.0,215,1000,0.0001,0.026093259820991182,0.026986482735136933
28.0,34,1000,0.0001,0.029370630865543364,0.027028579088954615
100.0,11,1000,0.0001,0.029121317951897787,0.030361668920446054
25.0,28,1000,0.0001,0.015771022319116017,0.017395828346417397
0.0,110,1000,0.0001,0.029217729862493325,0.028712595471773746
0.0,180,1000,0.0001,0.027403701964098377,0.025293033136656956
1.0,20,1000,0.0001,0.02693277802990166,0.016546144601230137
0.2,10,1000,0.0001,0.03179917326366333,0.027590957594879895
10.0,19,1000,0.0001,0.019706180455022884,0.02667580695234773
2.0,30,1000,0.0001,0.018536255559778045,0.02534576171708597
0.5,30,1000,0.0001,0.024892445810290608,0.027948489352467753
0.01,42,1000,0.0001,0.025997854692734808,0.02355007594279724
0.1,46,1000,0.0001,0.030860718245912376,0.027099958627931513
2.0,42,1000,0.0001,0.024675783172158797,0.022464240080004062
10.0,23,1000,0.0001,0.025005967361368172,0.0195175381329068
22.0,3,1000,0.0001,0.02899143246562337,0.02212720507825405
0.0,231,1000,0.0001,0.02604164494824746,0.025484199023951305
0.0,70,1000,0.0001,0.02783119100755058,0.02918588418220927
2.0,9,1000,0.0001,0.022568963550177592,0.016064366248312513
8.0,2,1000,0.0001,0.02453663080154014,0.029978364941247254
8.0,42,1000,0.0001,0.022039746055302865,0.023484078429921586
20.0,15,1000,0.0001,0.024151994608730538,0.026638980945047335
0.5,1,1000,0.0001,0.021560753269663644,0.02230797844692254
5.0,39,1000,0.0001,0.023077014627731565,0.01984965653082656
1.0,40,1000,0.0001,0.02407003917695889,0.025383650210510606
25.0,36,1000,0.0001,0.027050004418221023,0.022314477838891976
200.0,42,1000,0.0001,0.027704092922646324,0.030208213565678436
0.0,159,1000,0.0001,0.028107847324366338,0.026797933509675586
5.0,26,1000,0.0001,0.022393466298314988,0.01650034411020562
12.0,30,1000,0.0001,0.03202678406420324,0.03011302544227214
0.2,12,1000,0.0001,0.02798823362868157,0.016814214060703155
50.0,18,1000,0.0001,0.029867813573678847,0.02781654876043823
12.0,33,1000,0.0001,0.0223899746937348,0.02295522529926512
22.0,29,1000,0.0001,0.030153825345267428,0.028408704461223164
22.0,46,1000,0.0001,0.028848392089604578,0.03162856887644395
0.2,33,1000,0.0001,0.03230087837691902,0.0270108004010201
24.0,13,1000,0.0001,0.03165620581429084,0.028922675392769708
0.1,42,1000,0.0001,0.032334941775088916,0.027437297999900186
0.02,9,1000,0.0001,0.027653304911245624,0.02862883140857058
50.0,27,1000,0.0001,0.028134247587379462,0.02400266542427136
15.0,6,1000,0.0001,0.029353032438621994,0.027250523319166133
0.2,30,1000,0.0001,0.025322447516375968,0.028388914771738723
5.0,6,1000,0.0001,0.02975078997749895,0.031369209363468264
200.0,3,1000,0.0001,0.02930172763438185,0.026533051757588015
50.0,22,1000,0.0001,0.02808474086604351,0.021228678488924534
8.0,33,1000,0.0001,0.022125868040402133,0.01913363351367583
1.0,0,1000,0.0001,0.02844273617180869,0.026108754085704452
18.0,15,1000,0.0001,0.02954757733886707,0.030202648097405
1.0,19,1000,0.0001,0.028842941385069303,0.026853783834191756
5.0,41,1000,0.0001,0.02896711988299425,0.030019145022251264
0.5,18,1000,0.0001,0.029108270971548687,0.03144589856992862
5.0,46,1000,0.0001,0.0284061302275115,0.026937859672983785
200.0,47,1000,0.0001,0.02734680897944914,0.02699570859642999
2.0,24,1000,0.0001,0.028073492039601997,0.02612695158857959
10.0,45,1000,0.0001,0.027768098023901285,0.029967114439722088
0.01,25,1000,0.0001,0.03032392964348232,0.029090207375368805
0.2,15,1000,0.0001,0.030818889231461703,0.029240397909895553
5.0,21,1000,0.0001,0.025288528095404838,0.027800730086504466
0.1,29,1000,0.0001,0.026081667475373875,0.025858596252812727
0.01,27,1000,0.0001,0.03115732385519287,0.03166600357117864
30.0,8,1000,0.0001,0.027577062966148463,0.02516661594279732
10.0,49,1000,0.0001,0.024900865536276937,0.02477326822741154
2.0,31,1000,0.0001,0.024880631637581915,0.025606762387119477
12.0,48,1000,0.0001,0.028222919854992826,0.025144230200510053
0.0,30,1000,0.0001,0.02877686257612887,0.027367175791789697
25.0,40,1000,0.0001,0.028518608435421908,0.029111365549277513
24.0,23,1000,0.0001,0.029499880182009264,0.03111817617480883
1.0,7,1000,0.0001,0.030941185509275538,0.02952981678283919
0.5,19,1000,0.0001,0.029232479112955765,0.028589778929946654
28.0,24,1000,0.0001,0.02935568829441483,0.025053157998900098
8.0,14,1000,0.0001,0.02686611186659347,0.027629004443222225
12.0,21,1000,0.0001,0.02281550876343833,0.025189421997099882
0.0,18,1000,0.0001,0.02533237538576934,0.02290836695734797
30.0,17,1000,0.0001,0.02943943754487729,0.03244360421321081
0.2,40,1000,0.0001,0.029695411526576395,0.02141859313365682
0.05,5,1000,0.0001,0.02946832830941558,0.030407759643982353
25.0,23,1000,0.0001,0.026681622908145505,0.02735179227361378
5.0,4,1000,0.0001,0.028853052144607358,0.030705504100205155
0.0,1,1000,0.0001,0.026649567169358533,0.02137030503525186
4.0,43,1000,0.0001,0.023725235629781606,0.02331779288664444
10.0,9,1000,0.0001,0.029968265991299654,0.02902527842592143
0.01,43,1000,0.0001,0.029636788641432224,0.029121231512575646
22.0,23,1000,0.0001,0.02733218989149465,0.02819912637631892
50.0,31,1000,0.0001,0.02774732297414879,0.0250194762488126
20.0,40,1000,0.0001,0.023260338380919125,0.027213596062803214
0.0,128,1000,0.0001,0.02526211467873406,0.028640474877743963
100.0,40,1000,0.0001,0.026405827701385186,0.026846065891294693
200.0,5,1000,0.0001,0.028116682794139865,0.020119894534726842
25.0,32,1000,0.0001,0.03136954181109066,0.03285834650132527
30.0,39,1000,0.0001,0.02588808744337232,0.02698068661133072
12.0,34,1000,0.0001,0.027642498777938992,0.03225372707335381
8.0,10,1000,0.0001,0.029580760378018964,0.02982622934246725
24.0,24,1000,0.0001,0.024547211166558443,0.027183024157207934
0.0,247,1000,0.0001,0.025717394833741844,0.028202372745637347
100.0,26,1000,0.0001,0.02717531687084364,0.02639648996649844
10.0,16,1000,0.0001,0.02987735556377827,0.027424672331616766
28.0,28,1000,0.0001,0.029485755217761,0.03161329422871158
0.0,206,1000,0.0001,0.028923385908295483,0.026059466565328336
0.0,56,1000,0.0001,0.023137736040802152,0.02737636397119865
0.0,97,1000,0.0001,0.027991154539727142,0.02884834676833859
0.0,32,1000,0.0001,0.025512896495824937,0.021054249641482135
12.0,2,1000,0.0001,0.021503888867443505,0.027869866468323495
0.0,75,1000,0.0001,0.025107033039652154,0.028146525874293928
50.0,6,1000,0.0001,0.024971645031251655,0.021260455653782834
22.0,22,1000,0.0001,0.02676119521776094,0.02163309027851402
50.0,15,1000,0.0001,0.027956054095704945,0.02394961104555242
18.0,14,1000,0.0001,0.030334903086154424,0.03104312581129064
50.0,13,1000,0.0001,0.027116690456522888,0.022208723170158623
15.0,3,1000,0.0001,0.02123427225661294,0.02131998906545335
2.0,0,1000,0.0001,0.02230201313265682,0.024562712282614238
4.0,46,1000,0.0001,0.018840808132406756,0.026977262972148718
200.0,17,1000,0.0001,0.02526959740987053,0.0293446007660384
0.02,24,1000,0.0001,0.02563991711285588,0.02759301496374828
0.05,13,1000,0.0001,0.02519545234061711,0.028549946651332685
0.0,72,1000,0.0001,0.023513337853892726,0.020816685534276787
28.0,42,1000,0.0001,0.03156081152157624,0.02898111836791849
0.2,49,1000,0.0001,0.02814075616380823,0.028937882083104296
0.0,84,1000,0.0001,0.02804504433521688,0.02853997531776605
1.0,14,1000,0.0001,0.023180205678283994,0.028250596270813697
0.0,238,1000,0.0001,0.028300222346117402,0.027616391278564002
18.0,38,1000,0.0001,0.028118520043002217,0.03209420972348635
0.0,36,1000,0.0001,0.02641199165858305,0.026282085193259842
18.0,41,1000,0.0001,0.02738305140757049,0.027430331521576222
0.05,7,1000,0.0001,0.017372044600230147,0.028158097998900088
15.0,7,1000,0.0001,0.030171254180709234,0.02404374975148768
22.0,32,1000,0.0001,0.03171065934296724,0.029062266806340505
25.0,30,1000,0.0001,0.02828586359517983,0.02465599214460727
5.0,38,1000,0.0001,0.02652966170108519,0.03003638184709252
100.0,10,1000,0.0001,0.029289869747487558,0.0327740091084556
0.5,35,1000,0.0001,0.02978657445772298,0.029229487986399384
0.0,68,1000,0.0001,0.026412038419921173,0.022294622001100172
0.01,45,1000,0.0001,0.022641276516825886,0.025212427414370832
0.1,2,1000,0.0001,0.03123817088354424,0.026256158521926223
50.0,11,1000,0.0001,0.0218915842402121,0.022582721933096777
0.02,41,1000,0.0001,0.024567070088504495,0.028587155981799155
200.0,6,1000,0.0001,0.024510880524026304,0.030572699035951927
200.0,13,1000,0.0001,0.02822028332016618,0.024605961493074802
25.0,24,1000,0.0001,0.021704301918095983,0.015959918360918146
0.0,150,1000,0.0001,0.02385826971048569,0.021858043048152493
200.0,43,1000,0.0001,0.027905822748137524,0.024456019379969135
22.0,47,1000,0.0001,0.027188223607180446,0.029359054557728047
8.0,40,1000,0.0001,0.021747680710035636,0.026976239215960963
0.0,17,1000,0.0001,0.02830748336716842,0.02626029483774202
0.05,20,1000,0.0001,0.028373338028901605,0.028909425794289848
0.0,86,1000,0.0001,0.03020149351167571,0.02631902925946305
28.0,33,1000,0.0001,0.028352123553177698,0.025322931867593438
0.0,218,1000,0.0001,0.030420698145907466,0.028847408135406875
200.0,19,1000,0.0001,0.02254695984799252,0.021598350272513785
5.0,8,1000,0.0001,0.026290652270613713,0.024899447661383155
0.0,244,1000,0.0001,0.027831212668633584,0.02724913636481836
0.1,31,1000,0.0001,0.025190199559978137,0.027093889477473924
25.0,43,1000,0.0001,0.028523669968498522,0.018556041178058952
0.5,8,1000,0.0001,0.032085961932096646,0.030028119632981753
100.0,48,1000,0.0001,0.023563709740487142,0.0286736412750639
15.0,41,1000,0.0001,0.023619767855392933,0.03197597511475591
15.0,33,1000,0.0001,0.018046198260913103,0.019408791267563525
200.0,4,1000,0.0001,0.018233470078503983,0.019198306047302445
0.1,23,1000,0.0001,0.02738684064003212,0.03056356139006965
8.0,4,1000,0.0001,0.02709348932846662,0.028361542540127193
24.0,45,1000,0.0001,0.02169063283464183,0.027062142589129593
4.0,17,1000,0.0001,0.02916255161258072,0.02661133898594937
0.0,233,1000,0.0001,0.02493742766038314,0.03029355849192473
0.2,24,1000,0.0001,0.024464898599930174,0.02504392223811195
0.2,2,1000,0.0001,0.029208411310565667,0.0252201726356319
0.0,171,1000,0.0001,0.018079079779989064,0.02625804208010415
24.0,25,1000,0.0001,0.026163315654782762,0.031301137288864564
4.0,19,1000,0.0001,0.027763159812990785,0.026517138487924582
2.0,2,1000,0.0001,0.028016545470273588,0.025449235038751985
8.0,34,1000,0.0001,0.024069136493824788,0.030015399746987487
28.0,14,1000,0.0001,0.03100896704135219,0.02636576321516089
0.1,41,1000,0.0001,0.022836480091004672,0.028562457162858233
0.0,27,1000,0.0001,0.021698124321216157,0.02710390403020165
28.0,19,1000,0.0001,0.02837152541627101,0.03122186251912605
0.0,191,1000,0.0001,0.03073810132406621,0.02885588498524941
0.0,160,1000,0.0001,0.02992263221861112,0.029384288455422916
28.0,31,1000,0.0001,0.02533717863793203,0.029259787057352975
0.02,40,1000,0.0001,0.02302774028101409,0.0245995966908347
24.0,17,1000,0.0001,0.02443082606230322,0.028043648094404773
10.0,43,1000,0.0001,0.026792531128556556,0.025188539040952158
25.0,11,1000,0.0001,0.02538745043852203,0.02884463580879063
4.0,30,1000,0.0001,0.02437672211410584,0.026197660441022175
0.5,29,1000,0.0001,0.028372410632531715,0.031662058275913896
18.0,43,1000,0.0001,0.029242907446372406,0.031311955620781026
200.0,40,1000,0.0001,0.024576899063953356,0.022452718530926594
5.0,0,1000,0.0001,0.029481354569728575,0.030954818412920766
1.0,30,1000,0.0001,0.025621723116155903,0.026031018394919794
200.0,30,1000,0.0001,0.026643078294914836,0.029273986978349074
15.0,32,1000,0.0001,0.03233675668983462,0.033604414406720504
4.0,1,1000,0.0001,0.02769052052002616,0.026272464238212
100.0,0,1000,0.0001,0.026312151925596442,0.024710876622831175
50.0,3,1000,0.0001,0.03288160279914014,0.03040382325416283
10.0,29,1000,0.0001,0.029698663192159677,0.028204174772738726
25.0,21,1000,0.0001,0.024864603244162307,0.015186951339567104
2.0,12,1000,0.0001,0.027597161646082394,0.031090077882894217
18.0,19,1000,0.0001,0.028713463444172315,0.027549307454372864
30.0,23,1000,0.0001,0.024603313085654544,0.021294530581529185
100.0,1,1000,0.0001,0.02437142721636099,0.025532583743187388
0.0,105,1000,0.0001,0.029821158072903847,0.02520717015150768
0.02,45,1000,0.0001,0.020117059098955014,0.028021453905695416
0.0,48,1000,0.0001,0.02620917036051822,0.029148289145457324
0.0,96,1000,0.0001,0.024081412976649008,0.029453838118906076
5.0,9,1000,0.0001,0.02950476538826958,0.027324352117605987
0.0,227,1000,0.0001,0.028874933316665914,0.028090993515675785
24.0,1,1000,0.0001,0.024945464787239365,0.02423921663083161
2.0,37,1000,0.0001,0.02915410826641343,0.02498255870293529
0.1,1,1000,0.0001,0.030199645676283932,0.027402693014650845
15.0,28,1000,0.0001,0.02286369307165379,0.0297366572618632
0.0,127,1000,0.0001,0.027199954470723646,0.025601335841792267
50.0,2,1000,0.0001,0.028699326316315905,0.030871656958848047
20.0,36,1000,0.0001,0.022073234287714523,0.025826038276913904
4.0,15,1000,0.0001,0.02119793555577792,0.018880303929196623
0.0,58,1000,0.0001,0.026840419239962124,0.027432354830741672
200.0,34,1000,0.0001,0.030425663484174352,0.022829134754737884
20.0,32,1000,0.0001,0.033543308289414514,0.0276275208850444
5.0,31,1000,0.0001,0.02229198210310522,0.02313930766938355
0.5,36,1000,0.0001,0.027803067132356665,0.026298328860443105
0.01,18,1000,0.0001,0.030764613962698268,0.030039545464273426
22.0,28,1000,0.0001,0.030101261834091883,0.031374837567878476
24.0,2,1000,0.0001,0.023548310865543393,0.027699015777788934
4.0,3,1000,0.0001,0.025935247910395618,0.024868127970398668
0.0,210,1000,0.0001,0.020186693563678318,0.021473654654732936
0.1,6,1000,0.0001,0.03242511092654643,0.02925723083254172
0.01,24,1000,0.0001,0.02724640816240825,0.026080655669783584
0.1,32,1000,0.0001,0.030425749449472596,0.030662921128056502
12.0,24,1000,0.0001,0.015158338478923974,0.0149999674853743
100.0,17,1000,0.0001,0.02872215336666847,0.023221618348917596
10.0,40,1000,0.0001,0.026992289213460696,0.028637155432771805
0.2,5,1000,0.0001,0.0272959715875794,0.029473431463573285
0.0,31,1000,0.0001,0.02129532745237269,0.028086836570828676
0.0,163,1000,0.0001,0.020271849402470288,0.019691531664583328
8.0,0,1000,0.0001,0.027636908720436077,0.02689472901045062
20.0,12,1000,0.0001,0.026097546188309565,0.030200173891694722
2.0,11,1000,0.0001,0.01898745076853851,0.021231905382269167
15.0,22,1000,0.0001,0.029103934009700606,0.028207102016100903
0.0,126,1000,0.0001,0.027185686330316584,0.02905105914995762
0.0,71,1000,0.0001,0.030022686055302863,0.020559886429321564
0.01,0,1000,0.0001,0.017589302414120826,0.015922109100455127
2.0,39,1000,0.0001,0.02126518373618694,0.022330912947647493
0.0,196,1000,0.0001,0.026279112797639965,0.02862395162858151
0.0,137,1000,0.0001,0.025983965303265296,0.030340638353917853
1.0,8,1000,0.0001,0.02509186704235228,0.01822319895794799
30.0,29,1000,0.0001,0.02354959112455637,0.026785068147407474
0.1,38,1000,0.0001,0.015987820703035196,0.015672380163008263
24.0,26,1000,0.0001,0.02314640532626643,0.030005404028201586
20.0,14,1000,0.0001,0.026258096101805233,0.02399093822591149
1.0,12,1000,0.0001,0.028966685113255813,0.028782303909195672
4.0,27,1000,0.0001,0.026959676274813858,0.02867159931496584
10.0,33,1000,0.0001,0.028059843878194057,0.026496282467123496
25.0,39,1000,0.0001,0.024129674128706688,0.023330663873193852
28.0,44,1000,0.0001,0.028867535527776492,0.028885273711685654
0.0,226,1000,0.0001,0.030091125134256883,0.029633778056902996
0.05,16,1000,0.0001,0.027576131284564313,0.026642884548227483
50.0,32,1000,0.0001,0.028940154392719762,0.03021553793989717
100.0,29,1000,0.0001,0.02444415633681693,0.023378972914645836
0.5,40,1000,0.0001,0.02500737344267224,0.02173152594129719
18.0,46,1000,0.0001,0.03011593523376182,0.02807604665333284
24.0,19,1000,0.0001,0.02363508633831702,0.02061935296264822
0.0,103,1000,0.0001,0.02649836060303023,0.02922599004250228
0.0,161,1000,0.0001,0.031274976263813294,0.03124411346067319
24.0,32,1000,0.0001,0.02642685616080816,0.029761535442772203
0.05,23,1000,0.0001,0.02686172594129713,0.02509424513225674
22.0,40,1000,0.0001,0.02448668963248171,0.018700512255612922
10.0,30,1000,0.0001,0.026733810908545576,0.02036024576728847
22.0,2,1000,0.0001,0.016369051600580112,0.02513680194209724
30.0,14,1000,0.0001,0.02841738934046712,0.03150955698484936
12.0,36,1000,0.0001,0.03223887400670042,0.0301277674623732
20.0,42,1000,0.0001,0.018122751587579488,0.021739871354567876
0.1,11,1000,0.0001,0.02257607136056818,0.02070274810940556
0.0,114,1000,0.0001,0.02752478024801258,0.02329451713685693
22.0,30,1000,0.0001,0.029532038101905193,0.02933250036401826
4.0,5,1000,0.0001,0.018391359566978453,0.02341682105905312
8.0,45,1000,0.0001,0.026078984481224223,0.022698195058753045
0.2,0,1000,0.0001,0.028145510226511437,0.027842285215260887
30.0,33,1000,0.0001,0.027460115259763156,0.027100531766588488
24.0,0,1000,0.0001,0.019690578309915645,0.02551648047502385
100.0,25,1000,0.0001,0.03123383064953253,0.028112236259813107
15.0,16,1000,0.0001,0.022938792031601665,0.02460049821791103
4.0,38,1000,0.0001,0.028384765741287135,0.02903342264113219
200.0,1,1000,0.0001,0.026574474944747392,0.022652024068203522
200.0,35,1000,0.0001,0.025639215089754624,0.028651179978998995
50.0,40,1000,0.0001,0.028868115620781145,0.025657486701335126
24.0,44,1000,0.0001,0.02545154533326676,0.026029840147007457
22.0,11,1000,0.0001,0.028724632651632765,0.027324245457272953
0.0,104,1000,0.0001,0.026675710114505903,0.026011804060202967
0.01,13,1000,0.0001,0.026116615011750683,0.028312176945847346
15.0,8,1000,0.0001,0.025847725935296887,0.031923867157357996
30.0,44,1000,0.0001,0.02549383169058466,0.029126666461323215
0.0,66,1000,0.0001,0.028521946951347656,0.027113327644382287
0.02,19,1000,0.0001,0.02534619618280933,0.026857968561428174
0.01,32,1000,0.0001,0.024851452031601738,0.02644596632631642
12.0,46,1000,0.0001,0.02733840828241424,0.03334246372218624
4.0,10,1000,0.0001,0.018175022885144387,0.02783748151907605
2.0,4,1000,0.0001,0.030658787536376946,0.028456101301065222
50.0,33,1000,0.0001,0.02697333372068619,0.029100316421821235
28.0,11,1000,0.0001,0.030747232004600347,0.0306693150667535
0.1,30,1000,0.0001,0.025148489264463406,0.0289614638421922
0.02,29,1000,0.0001,0.02440789329166476,0.02409131725586288
0.0,50,1000,0.0001,0.024690393452672727,0.029755934929746576
0.01,22,1000,0.0001,0.02850759045552293,0.03177221380069028
200.0,31,1000,0.0001,0.02759030385619292,0.026918260083004315
20.0,8,1000,0.0001,0.02918662377418881,0.01919016161108064
0.2,38,1000,0.0001,0.027670246409320656,0.02735079745687295
0.0,98,1000,0.0001,0.028997097885894413,0.027071902903145297
5.0,15,1000,0.0001,0.021138951879594067,0.025764746346317445
4.0,0,1000,0.0001,0.026247019904995363,0.021511352111605656
1.0,35,1000,0.0001,0.0277835828991452,0.030172653126656377
0.0,131,1000,0.0001,0.024401344112205684,0.025065727708385548
12.0,17,1000,0.0001,0.02727191833691698,0.02943434670133513
28.0,38,1000,0.0001,0.023968336002800236,0.028607793683684286
0.0,5,1000,0.0001,0.025374262302115293,0.023037968077403936
22.0,31,1000,0.0001,0.028299293142657292,0.028455631595579917
20.0,10,1000,0.0001,0.02640693618680949,0.02640249517875905
22.0,1,1000,0.0001,0.02345796774338721,0.02691418321116069
200.0,20,1000,0.0001,0.027670317002850255,0.02945920511425586
1.0,41,1000,0.0001,0.029673385986299438,0.02460054843042158
0.0,189,1000,0.0001,0.022536178560928183,0.027089089964498395
0.0,232,1000,0.0001,0.02466876740637046,0.027939894944747367
8.0,29,1000,0.0001,0.02967441282064113,0.02746757941497081
15.0,1,1000,0.0001,0.022224472941647193,0.02329395320966058
0.01,34,1000,0.0001,0.03054911439571996,0.03156077737986913
200.0,26,1000,0.0001,0.028888721100055137,0.02333640879844009
0.0,223,1000,0.0001,0.021364316835841935,0.018464620227011487
0.0,209,1000,0.0001,0.022937202626131407,0.027810130192509705
22.0,42,1000,0.0001,0.029611199423971227,0.02336254909045465
30.0,46,1000,0.0001,0.02749591577278881,0.027367455540777137
8.0,27,1000,0.0001,0.022864562075103845,0.028082894139707004
8.0,47,1000,0.0001,0.02774529248062416,0.026030412408620578
200.0,10,1000,0.0001,0.03048556861543094,0.026781251453572765
0.0,15,1000,0.0001,0.0268231648042404,0.02627882963648185
22.0,44,1000,0.0001,0.028136201940097055,0.029716149027451438
5.0,47,1000,0.0001,0.026584223697185,0.031194081041052136
30.0,18,1000,0.0001,0.025226539159958084,0.030522321413070683
0.0,10,1000,0.0001,0.024513386032301753,0.031856030464523385
0.0,81,1000,0.0001,0.03125707935296787,0.03296448954147727
0.01,5,1000,0.0001,0.024646212257612994,0.018179626923346265
0.0,93,1000,0.0001,0.027628285769288566,0.027078415907795552
0.2,35,1000,0.0001,0.02790287112055614,0.01846507475073759
0.0,64,1000,0.0001,0.02912508192309621,0.027795226609330523
20.0,22,1000,0.0001,0.02678161353867707,0.034522361375068956
28.0,7,1000,0.0001,0.02523641387469389,0.020362539042952217
1.0,47,1000,0.0001,0.025201309099455078,0.01817580352617637
25.0,34,1000,0.0001,0.023652089659483056,0.02424114376918863
12.0,44,1000,0.0001,0.027100729413470758,0.02469657885994316
22.0,18,1000,0.0001,0.029166435229761572,0.032459536807840646
20.0,16,1000,0.0001,0.026390300473023758,0.03243649364568239
0.02,25,1000,0.0001,0.025008192813640768,0.029015776270813576
10.0,7,1000,0.0001,0.026825704162208246,0.03197967518475935
200.0,24,1000,0.0001,0.028401783304165356,0.03187344633231663
25.0,15,1000,0.0001,0.029976258564928356,0.0278513798199911
200.0,48,1000,0.0001,0.02113064963448173,0.016640522227111477
1.0,39,1000,0.0001,0.02561124329916511,0.028220548683434286
30.0,10,1000,0.0001,0.019842323247162477,0.022178590275513888
18.0,17,1000,0.0001,0.020266617756887966,0.01831410228111423
100.0,4,1000,0.0001,0.030004072419621053,0.02915359113555687
18.0,9,1000,0.0001,0.023233025096254946,0.021866906918345943
0.5,15,1000,0.0001,0.026968562106105463,0.02657173193459678
0.5,37,1000,0.0001,0.027686455272763824,0.024626814069703656
28.0,9,1000,0.0001,0.023021123827191407,0.027224045292264736
0.01,15,1000,0.0001,0.022332767979399027,0.02795035729386477
50.0,43,1000,0.0001,0.023528227402370202,0.019558764769238554
30.0,3,1000,0.0001,0.02781958650632552,0.026260277564878344
0.2,19,1000,0.0001,0.02879526873643698,0.027712290186509336
25.0,7,1000,0.0001,0.02934860084104215,0.026082875528776542
0.0,115,1000,0.0001,0.02399186750237527,0.02445242323816201
30.0,36,1000,0.0001,0.02436778268513441,0.02516427415870811
12.0,32,1000,0.0001,0.026610968111405658,0.026902635130756664
0.02,27,1000,0.0001,0.030235258496924995,0.03067030530826554
22.0,5,1000,0.0001,0.025307526742337265,0.03264633156257824
0.05,1,1000,0.0001,0.0256770457232863,0.028964539246962448
24.0,36,1000,0.0001,0.02473162546327332,0.02335229596479842
18.0,31,1000,0.0001,0.030203134332716763,0.0301118221941098
1.0,27,1000,0.0001,0.030285969249462624,0.028847455156758024
50.0,37,1000,0.0001,0.02575525887194374,0.028773136492824706
0.0,178,1000,0.0001,0.019677779749987634,0.02779202263513186
0.0,85,1000,0.0001,0.02691998536326817,0.027157727038351946
0.01,3,1000,0.0001,0.027853237302865222,0.022743992989649558
100.0,36,1000,0.0001,0.026117394170708588,0.029106819410970684
20.0,6,1000,0.0001,0.02298310968848454,0.028601297478874074
15.0,5,1000,0.0001,0.026659391909595626,0.028975402119106018
4.0,11,1000,0.0001,0.032934661510075645,0.03276514030701552
100.0,21,1000,0.0001,0.027781956032801713,0.03163998916045819
0.0,106,1000,0.0001,0.02618047216360838,0.031459559103955356
0.0,246,1000,0.0001,0.032893049857493056,0.031200367056352946
22.0,0,1000,0.0001,0.02247158296014814,0.027326912512625756
8.0,38,1000,0.0001,0.023462836216810997,0.02442102872143615
200.0,49,1000,0.0001,0.02398888742537134,0.02770849929096466
100.0,38,1000,0.0001,0.02694216509825498,0.028121318918946026
0.01,48,1000,0.0001,0.029528453269663708,0.028825362198110032
0.0,243,1000,0.0001,0.025917340751037653,0.02706549062053114
22.0,16,1000,0.0001,0.019430671344567364,0.023892622055102872
22.0,17,1000,0.0001,0.02986761315265773,0.029682785448272478
15.0,36,1000,0.0001,0.02839523762688146,0.027250301245062298
0.0,143,1000,0.0001,0.027051897124856367,0.02896911373168664
15.0,30,1000,0.0001,0.03247369138856949,0.028569710026501417
0.02,7,1000,0.0001,0.025599120150007634,0.021232899800990118
0.5,10,1000,0.0001,0.02383064891544588,0.029350012605630423
8.0,18,1000,0.0001,0.028746222383119312,0.02892059941497086
100.0,7,1000,0.0001,0.02766729058352931,0.02930640123306179
2.0,18,1000,0.0001,0.02854673985399284,0.02603040792739649
15.0,18,1000,0.0001,0.02657312760938052,0.027583338781939217
12.0,23,1000,0.0001,0.02764825318365931,0.02877986380519033
0.05,40,1000,0.0001,0.02929041460773043,0.02738861708685438
200.0,38,1000,0.0001,0.026362519938997023,0.027472458107905523
2.0,25,1000,0.0001,0.029473816146807504,0.03029154620631048
15.0,38,1000,0.0001,0.030384794366718443,0.028681662011100638
1.0,31,1000,0.0001,0.031071533761688176,0.032073050514525914
50.0,5,1000,0.0001,0.02619633939697002,0.022250752871643728
20.0,30,1000,0.0001,0.02790127289964512,0.02793104194709757
28.0,0,1000,0.0001,0.030535064209210584,0.02677863514875758
15.0,4,1000,0.0001,0.030367340817040952,0.03067034808740446
28.0,5,1000,0.0001,0.029739610205510393,0.027690224043202347
4.0,32,1000,0.0001,0.024709358310915645,0.024233856011800784
200.0,18,1000,0.0001,0.02498456072503641,0.029290079953997787
28.0,48,1000,0.0001,0.03177465884694243,0.02881883620281029
28.0,6,1000,0.0001,0.026301398130906636,0.024180818289914547
1.0,1,1000,0.0001,0.025914055593779822,0.024768295927796516
0.0,28,1000,0.0001,0.02479290059602995,0.027653198632931753
0.2,1,1000,0.0001,0.01748567026751358,0.021038472309615527
0.0,177,1000,0.0001,0.027962462286114396,0.02649316475123759
0.01,49,1000,0.0001,0.02502231711185566,0.026973638544927337
50.0,41,1000,0.0001,0.02297515174958762,0.02667108417720895
2.0,38,1000,0.0001,0.019729158429921647,0.015917718494924876
0.2,45,1000,0.0001,0.030122626715335825,0.029884619025951343
25.0,18,1000,0.0001,0.030372487946397457,0.03007551661983111
4.0,49,1000,0.0001,0.027194882410120635,0.02934129510175514
22.0,20,1000,0.0001,0.025469689680484176,0.02448702256212827
24.0,12,1000,0.0001,0.031429952916646076,0.025498003931196715
5.0,19,1000,0.0001,0.027369294065703365,0.02642906911145568
0.1,34,1000,0.0001,0.02388836399219972,0.02470044777738906
2.0,47,1000,0.0001,0.028822689471473643,0.02615005525076258
12.0,22,1000,0.0001,0.026720559246962525,0.02545678661133064
0.0,100,1000,0.0001,0.024310419259963176,0.026263918552927812
0.1,26,1000,0.0001,0.0288097779318967,0.02485089027451386
0.1,10,1000,0.0001,0.0287339982239113,0.03052314796239823
0.0,87,1000,0.0001,0.027980808685434455,0.02569934734236727
0.5,42,1000,0.0001,0.02928221267063365,0.02712477614780754
0.0,73,1000,0.0001,0.025737500506025322,0.029373949060453163
50.0,26,1000,0.0001,0.025959324338216953,0.02973573802390128
4.0,8,1000,0.0001,0.023432805581279144,0.030306454239712156
0.0,237,1000,0.0001,0.026680080756037835,0.02620907289764495
0.0,130,1000,0.0001,0.020838395284764305,0.02267008163608187
30.0,4,1000,0.0001,0.024683943525176347,0.030066365052252825
0.05,3,1000,0.0001,0.030442932557628012,0.027614926190309627
30.0,13,1000,0.0001,0.02818145281164077,0.03153172064803239
30.0,16,1000,0.0001,0.029836632201610234,0.028270914006700447
0.0,79,1000,0.0001,0.027202062762138275,0.03179121974898757
24.0,15,1000,0.0001,0.026202444920246107,0.027796362526126397
5.0,10,1000,0.0001,0.029084071931596674,0.02739319378768941
0.5,20,1000,0.0001,0.026781946822341276,0.025110727821391215
0.0,193,1000,0.0001,0.032486732105605376,0.032453994869743624
200.0,36,1000,0.0001,0.02674689136856855,0.02537076288414435
100.0,35,1000,0.0001,0.02283609823091167,0.019835984754237833
0.1,33,1000,0.0001,0.02963158406920366,0.03292199936996864
10.0,11,1000,0.0001,0.024185683081154197,0.02285194388119413
0.1,4,1000,0.0001,0.018330860162008217,0.023158058864943404
28.0,4,1000,0.0001,0.02951385065453282,0.025710454772738787
10.0,32,1000,0.0001,0.02328709803190172,0.02430882637931911
5.0,29,1000,0.0001,0.022656761280064136,0.026616867406370443
4.0,36,1000,0.0001,0.033312079361968214,0.024417137937896925
10.0,31,1000,0.0001,0.0254195760818042,0.019357150466523372
20.0,43,1000,0.0001,0.02366189704185224,0.024579376385819387
0.0,13,1000,0.0001,0.02068153010750549,0.019066469893494788
25.0,35,1000,0.0001,0.02995506740237027,0.029859309996499814
1.0,13,1000,0.0001,0.01677256890044514,0.019641504510225605
20.0,25,1000,0.0001,0.026853409020451163,0.02654706129206477
100.0,45,1000,0.0001,0.027141054706735473,0.02494990589529488
4.0,40,1000,0.0001,0.022145463164158403,0.022625454717736044
1.0,5,1000,0.0001,0.021932932590629613,0.02157710880944059
0.0,89,1000,0.0001,0.026903746751337616,0.029207250194509964
12.0,26,1000,0.0001,0.03216864766438339,0.02799035244862252
18.0,26,1000,0.0001,0.028065554505725475,0.02804011860193026
0.1,36,1000,0.0001,0.022390523964198345,0.023157037093854832
10.0,27,1000,0.0001,0.028185156086804518,0.02523265586479329
0.0,151,1000,0.0001,0.022894988141407138,0.021035047696384965
20.0,17,1000,0.0001,0.02582638173208685,0.03127103468173427
4.0,34,1000,0.0001,0.029069060457022938,0.027703170512525837
0.02,4,1000,0.0001,0.02256114792239623,0.019820829068453533
200.0,29,1000,0.0001,0.02900452134906756,0.02897884660333025
15.0,21,1000,0.0001,0.031693223513175835,0.02965212394619748
12.0,10,1000,0.0001,0.028163163095154858,0.031146170221511175
0.0,204,1000,0.0001,0.02922141596679853,0.032182858993949855
2.0,33,1000,0.0001,0.02183778114605744,0.028460056912845744
10.0,39,1000,0.0001,0.027630188184409276,0.025936746219311108
12.0,27,1000,0.0001,0.02717043081554089,0.034527431135556896
20.0,5,1000,0.0001,0.025949837929896653,0.023626776826841497
22.0,15,1000,0.0001,0.024585346859343115,0.02569916135506781
1.0,10,1000,0.0001,0.027264947018351048,0.027141317854892877
0.01,28,1000,0.0001,0.021066057449872604,0.020972228746437414
20.0,47,1000,0.0001,0.023911326486324425,0.02919787564978263
0.0,201,1000,0.0001,0.02286091553977709,0.027555043102155247
22.0,48,1000,0.0001,0.026679484054202878,0.02648479151857602
10.0,5,1000,0.0001,0.029741361056052927,0.028268217576879005
8.0,13,1000,0.0001,0.029216553733686847,0.030168314406720468
1.0,24,1000,0.0001,0.02586549667783392,0.03191345371368576
0.0,149,1000,0.0001,0.032470138027901524,0.02752337734886753
10.0,4,1000,0.0001,0.02558727568778448,0.033348580481024154
0.05,2,1000,0.0001,0.031032581078053987,0.030958786634331784
50.0,49,1000,0.0001,0.023477021967098482,0.028094282418121015
1.0,43,1000,0.0001,0.020730534140707132,0.018757610158508
0.02,6,1000,0.0001,0.03005016578228922,0.026779783741187127
0.0,107,1000,0.0001,0.025911892222611255,0.023774841361068177
5.0,44,1000,0.0001,0.028259757291864713,0.03291232359017963
0.0,11,1000,0.0001,0.028055092395619898,0.03103554846142312
12.0,43,1000,0.0001,0.02732593842492143,0.031977351793589806
0.1,17,1000,0.0001,0.02973598321516082,0.024381602272113702
20.0,20,1000,0.0001,0.026036861806090484,0.02844289550577535
20.0,45,1000,0.0001,0.02501933842392125,0.02466020761838099
1.0,25,1000,0.0001,0.010500963781189117,0.025715380153007828
24.0,4,1000,0.0001,0.029497294489724577,0.019559248492424772
0.0,190,1000,0.0001,0.02317190251112572,0.02445747412870667
25.0,13,1000,0.0001,0.029219088271413694,0.02818647801590088
18.0,40,1000,0.0001,0.02482928800040015,0.02170446776238822
25.0,8,1000,0.0001,0.022714928107405514,0.027881091476573992
0.1,25,1000,0.0001,0.023701411777588888,0.026530717490874635
0.02,12,1000,0.0001,0.02455604009300486,0.021905047768388548
0.0,44,1000,0.0001,0.02972227887194369,0.02644181287164361
28.0,46,1000,0.0001,0.030314746768338563,0.030145798625931503
2.0,6,1000,0.0001,0.026999799322966374,0.02284476294814757
100.0,42,1000,0.0001,0.0242903467753389,0.033237425282264164
0.0,14,1000,0.0001,0.016970870420521176,0.028272900645032406
0.0,24,1000,0.0001,0.025236499032951797,0.03007665871293579
1.0,16,1000,0.0001,0.020367505378269028,0.02419234504125217
0.0,88,1000,0.0001,0.03102267494674731,0.031380373275663904
100.0,46,1000,0.0001,0.025727716826841423,0.025695251004550328
0.0,91,1000,0.0001,0.027745936378819107,0.02808002160008018
2.0,16,1000,0.0001,0.026366998832941742,0.02861085963898206
0.05,47,1000,0.0001,0.02727698061703094,0.0292477461053054
10.0,14,1000,0.0001,0.025633778164908323,0.02749834960748057
24.0,47,1000,0.0001,0.017085234861743168,0.02823251281664095
0.1,28,1000,0.0001,0.028686127750387657,0.027758887491374715
0.0,120,1000,0.0001,0.02650531852092619,0.02566982877943902
50.0,19,1000,0.0001,0.02856531593679691,0.028739452411620715
0.5,45,1000,0.0001,0.02673003356767851,0.027434174686734463
22.0,14,1000,0.0001,0.027419927994399747,0.025391782850142666
20.0,27,1000,0.0001,0.021350760957048017,0.022479860525026395
0.0,109,1000,0.0001,0.028736106729336502,0.026876510356517922
0.05,12,1000,0.0001,0.024091454621731172,0.02643950888644439
0.05,0,1000,0.0001,0.026572833707685463,0.02928905785689293
0.05,36,1000,0.0001,0.02687373272363634,0.027838845046252437
24.0,22,1000,0.0001,0.018822270755537888,0.031072429263463187
0.5,41,1000,0.0001,0.025256509696484936,0.019560740374018802
0.02,11,1000,0.0001,0.02817450538926962,0.02874641190659548
10.0,35,1000,0.0001,0.025626586202310234,0.025594425261263147
0.02,17,1000,0.0001,0.028079479297964945,0.02883076435321777
25.0,19,1000,0.0001,0.028697923064153308,0.027975523293164783
0.02,43,1000,0.0001,0.025203527194359768,0.025898403513175895
10.0,47,1000,0.0001,0.028709234573728856,0.031231034898744996
10.0,2,1000,0.0001,0.02571438952247625,0.023303651529576606
28.0,12,1000,0.0001,0.02608566754437732,0.026466077731886743
28.0,36,1000,0.0001,0.01476026815140768,0.020870349289464553
18.0,7,1000,0.0001,0.029089707191359764,0.02610377057552888
0.01,40,1000,0.0001,0.02976792459322985,0.028906105310265672
0.0,22,1000,0.0001,0.02854959275863809,0.027461432813640784
0.0,152,1000,0.0001,0.02981334072403632,0.026200558991949736
10.0,0,1000,0.0001,0.016641026538327008,0.027162759063953355
2.0,10,1000,0.0001,0.0281828492484626,0.020050323756187916
15.0,25,1000,0.0001,0.023418626560328126,0.024968431036551907
0.0,203,1000,0.0001,0.026580263976198903,0.026425614779739176
30.0,9,1000,0.0001,0.023802118131906722,0.028849621817091015
28.0,49,1000,0.0001,0.027851526884344252,0.029498028413420696
2.0,13,1000,0.0001,0.013238987385369331,0.012659923055152846
25.0,29,1000,0.0001,0.022153803487174478,0.01823613686784351
8.0,9,1000,0.0001,0.02868495957297888,0.02995760604330233
2.0,36,1000,0.0001,0.027940270566528404,0.028079763324166254
1.0,6,1000,0.0001,0.017781994387719473,0.022423455810790634
100.0,31,1000,0.0001,0.028880595234761865,0.031145109455472844
0.02,30,1000,0.0001,0.020754360489024622,0.026085091835591975
12.0,25,1000,0.0001,0.028674060126006363,0.03068421552577641
30.0,20,1000,0.0001,0.02891074519726002,0.029405852732636743
15.0,2,1000,0.0001,0.02919914218710947,0.028434719368968586
1.0,2,1000,0.0001,0.029812514897745036,0.030366673263663324
200.0,15,1000,0.0001,0.026423888837441973,0.023115235987799465
100.0,43,1000,0.0001,0.02868103761088069,0.03079016506725351
1.0,3,1000,0.0001,0.025502649741487207,0.028400185604280353
4.0,6,1000,0.0001,0.02784211700785056,0.03034464552227621
15.0,43,1000,0.0001,0.02809005029651488,0.03098455450972555
8.0,11,1000,0.0001,0.028576294730736605,0.026820016548827475
8.0,26,1000,0.0001,0.024951484355217816,0.025847888148407605
15.0,26,1000,0.0001,0.022724984085204448,0.026526543363168262
0.2,16,1000,0.0001,0.028803459206960376,0.03086858719535993
200.0,0,1000,0.0001,0.02827072339516988,0.025494872110605644
0.2,25,1000,0.0001,0.027450891070553585,0.023192487584379324
20.0,3,1000,0.0001,0.029700169237462007,0.02998314456522836
200.0,23,1000,0.0001,0.02411243641782098,0.026300922292114785
200.0,44,1000,0.0001,0.02459786245112268,0.02600355848692443
30.0,48,1000,0.0001,0.02883673942797159,0.028799774455722935
0.0,124,1000,0.0001,0.029758850517525984,0.026528403180159046
0.0,164,1000,0.0001,0.02411911880594036,0.024970963793189846
0.02,44,1000,0.0001,0.02556290178508938,0.024872695711785766
200.0,7,1000,0.0001,0.02725142601930109,0.028758676739837126
4.0,9,1000,0.0001,0.031026463777188946,0.026409544269213592
1.0,26,1000,0.0001,0.019969361061053115,0.02320502300415039
8.0,28,1000,0.0001,0.027387267902395263,0.02471909150957561
30.0,35,1000,0.0001,0.021696395792789758,0.025116349868493548
4.0,28,1000,0.0001,0.030925797696884933,0.030208993151657676
10.0,18,1000,0.0001,0.023306622262113205,0.030050909272463757
0.0,185,1000,0.0001,0.024993910459523087,0.02701463618180919
22.0,39,1000,0.0001,0.028851403164158348,0.028762700863043267
24.0,43,1000,0.0001,0.019547527759388054,0.023306337366868463
200.0,16,1000,0.0001,0.02491419114755751,0.024145287335366892
20.0,28,1000,0.0001,0.023730204567228394,0.02416840140907052
25.0,38,1000,0.0001,0.02562871938096912,0.015484160179009053
0.0,153,1000,0.0001,0.020549704128206517,0.0240271192279615
0.01,10,1000,0.0001,0.03162842455922807,0.02913581098854957
15.0,10,1000,0.0001,0.02847691659182964,0.028026900034001847
0.5,3,1000,0.0001,0.029295193222661345,0.02808601375068771
0.1,35,1000,0.0001,0.027582245186259444,0.02536213879393976
0.0,221,1000,0.0001,0.022942098359918093,0.02373317122556146
10.0,46,1000,0.0001,0.03104223750487533,0.030546595331766683
0.1,9,1000,0.0001,0.02686595480274026,0.020211294076703933
200.0,11,1000,0.0001,0.023173458186909416,0.03033838359618004
4.0,26,1000,0.0001,0.031878681470073736,0.03119517744887257
10.0,34,1000,0.0001,0.029706289364468286,0.027808154430721623
0.0,19,1000,0.0001,0.025919933797690045,0.028067257889894604
25.0,22,1000,0.0001,0.019998170830541572,0.021067947466373433
20.0,18,1000,0.0001,0.028458546720336115,0.025863757627881567
0.02,5,1000,0.0001,0.031190699123956323,0.03147547515675795
5.0,14,1000,0.0001,0.027351397092854734,0.025086129109455606
4.0,41,1000,0.0001,0.028275102507125473,0.02917296934646744
0.2,32,1000,0.0001,0.028020531774588773,0.02675130865043271
1.0,49,1000,0.0001,0.026166232577629005,0.024442260718036044
20.0,33,1000,0.0001,0.021481383527176472,0.0272280685144259
0.0,52,1000,0.0001,0.030634494180709185,0.03157299266963351
10.0,25,1000,0.0001,0.02621327687684397,0.025749187581379136
25.0,46,1000,0.0001,0.028582738187909514,0.026295872777638955
20.0,13,1000,0.0001,0.029984960679034132,0.030831596981849226
0.01,36,1000,0.0001,0.02224454208510435,0.02995377777688895
0.05,39,1000,0.0001,0.02694198738036918,0.031243684350217665
18.0,24,1000,0.0001,0.029277430041502187,0.019750517293864737
5.0,25,1000,0.0001,0.026543114804740354,0.02572274551927611
0.01,4,1000,0.0001,0.029414458827941508,0.023089097834891933
0.0,147,1000,0.0001,0.030528938688934547,0.029924277074853848
1.0,17,1000,0.0001,0.01949331403270171,0.017351035564778353
28.0,29,1000,0.0001,0.02462811857892907,0.01955168366018313
25.0,44,1000,0.0001,0.027017103829191605,0.030753810675533896
28.0,45,1000,0.0001,0.03012976176308828,0.032028976976849026
22.0,7,1000,0.0001,0.023742697966898523,0.02875447731786598
0.05,45,1000,0.0001,0.028573749570478587,0.024549948902445263
0.2,44,1000,0.0001,0.027067937250862643,0.02656492262813148
0.01,9,1000,0.0001,0.02713340396819853,0.02487926842742149
0.5,5,1000,0.0001,0.02689191350067523,0.030930914283714306
18.0,18,1000,0.0001,0.024105428543427294,0.02300331570978557
1.0,29,1000,0.0001,0.027216625463273237,0.025908993390669696
1.0,34,1000,0.0001,0.026267075776788988,0.027674594129706593
0.02,26,1000,0.0001,0.03000240623131168,0.02558946288014413
0.0,121,1000,0.0001,0.030813051368568524,0.02314493053152667
25.0,3,1000,0.0001,0.022972336480824165,0.01597139301865107
0.0,112,1000,0.0001,0.030208295550777677,0.0339765326046302
0.2,39,1000,0.0001,0.02794641023251176,0.0306265971158559
0.05,31,1000,0.0001,0.03116060524726251,0.028211399231961757
30.0,28,1000,0.0001,0.027041435199760024,0.02892043496074827
100.0,49,1000,0.0001,0.02686270390519531,0.029423813152657744
25.0,17,1000,0.0001,0.024295020576028867,0.024690261853092785
0.0,61,1000,0.0001,0.026758153454672855,0.02418934665133266
22.0,49,1000,0.0001,0.03046492771038564,0.025903245735286858
50.0,39,1000,0.0001,0.023530013562678326,0.0294829765658284
0.02,13,1000,0.0001,0.030569599505975344,0.030010803623181256
24.0,8,1000,0.0001,0.028350390521526235,0.020240424028201556
25.0,1,1000,0.0001,0.02720656599930004,0.03088111965698297
0.02,47,1000,0.0001,0.02395694492424635,0.021865783203160273
0.5,26,1000,0.0001,0.024179080033001763,0.019532866159308084
0.0,4,1000,0.0001,0.02936140874643742,0.02651711861793097
50.0,1,1000,0.0001,0.02623106271213568,0.024946158462923224
100.0,28,1000,0.0001,0.02886810143907204,0.029950818996949947
12.0,9,1000,0.0001,0.024875015681784154,0.02665520203910209
10.0,3,1000,0.0001,0.026656702519126163,0.027937968472423757
18.0,49,1000,0.0001,0.02923312920246027,0.0218187598469925
50.0,21,1000,0.0001,0.030285952708635606,0.030692317602880343
0.01,6,1000,0.0001,0.024713887535376768,0.029216073513675802
0.0,208,1000,0.0001,0.02745844425521289,0.027501917654882833
1.0,33,1000,0.0001,0.02722375801790098,0.03038590139506984
24.0,11,1000,0.0001,0.02788191072953662,0.02751623250162521
0.2,8,1000,0.0001,0.02443765488174424,0.02646419573878711
24.0,37,1000,0.0001,0.030359554345717292,0.030725085379268945
12.0,20,1000,0.0001,0.028255681260063142,0.029302476950847686
100.0,13,1000,0.0001,0.030563012550627735,0.025987546272313665
0.2,42,1000,0.0001,0.028506635385769374,0.029396558007900513
20.0,34,1000,0.0001,0.029580525669283576,0.026769905517275965
100.0,18,1000,0.0001,0.02712603319765995,0.02903724862643142
0.02,42,1000,0.0001,0.01958696689034463,0.026124750227511487
100.0,22,1000,0.0001,0.027823455764788348,0.027530579175958927
0.0,138,1000,0.0001,0.02484024667033363,0.019830707966398416
0.0,184,1000,0.0001,0.02832511476273829,0.023523868764438363
28.0,43,1000,0.0001,0.030193843654182807,0.027986573426671407
200.0,12,1000,0.0001,0.030328906138307014,0.03167238683534181
0.0,3,1000,0.0001,0.0290451695124757,0.031140852187609452
25.0,45,1000,0.0001,0.030207369914495883,0.029308843493174783
0.0,173,1000,0.0001,0.0295457203220162,0.027794508417421076
18.0,25,1000,0.0001,0.025419464966248445,0.023318006770338642
12.0,19,1000,0.0001,0.023407197566878476,0.01959674968848453
0.1,7,1000,0.0001,0.030703378443922263,0.03190479102055119
28.0,13,1000,0.0001,0.02469088681934113,0.02464665112055619
0.1,18,1000,0.0001,0.019112906090304655,0.024688151700585165
24.0,6,1000,0.0001,0.03039164898244929,0.030044965992299718
0.0,25,1000,0.0001,0.027770165081254152,0.0264035730896546
0.02,37,1000,0.0001,0.02841846936346826,0.026098464032201677
0.0,168,1000,0.0001,0.030873348435421867,0.023627139861993187
2.0,20,1000,0.0001,0.027490881862093242,0.023905082153107743
24.0,28,1000,0.0001,0.025279971780589203,0.02431881011750584
100.0,3,1000,0.0001,0.03077398766738353,0.030218496091804787
0.2,7,1000,0.0001,0.022041279904995336,0.019406059019951117
0.0,211,1000,0.0001,0.025673599170958714,0.0263297285934298
30.0,32,1000,0.0001,0.03234806777238881,0.029575137070853692
28.0,27,1000,0.0001,0.029104014063703373,0.028145733913695722
0.02,3,1000,0.0001,0.027050827825391373,0.027795023651182606
5.0,16,1000,0.0001,0.02889435765888296,0.022195412435621883
50.0,12,1000,0.0001,0.02629388138906962,0.02591553819590989
20.0,11,1000,0.0001,0.02812250657832899,0.03075729973798704
0.1,44,1000,0.0001,0.029366180295014834,0.02629742625231282
25.0,26,1000,0.0001,0.026946090313515754,0.025032105299265108
0.0,82,1000,0.0001,0.03277823560278025,0.031378011411570685
18.0,28,1000,0.0001,0.02924429935996821,0.028522106061303187
0.0,41,1000,0.0001,0.021940984496224964,0.028611404867243437
18.0,36,1000,0.0001,0.030193876597830023,0.029083998636931944
50.0,42,1000,0.0001,0.0276804604690237,0.025435709843492374
15.0,19,1000,0.0001,0.025055381314065803,0.02605722046802359
8.0,15,1000,0.0001,0.029014280873043724,0.026188933589679664
0.0,45,1000,0.0001,0.02983697728986461,0.029535595867793522
12.0,28,1000,0.0001,0.026961086371318714,0.03047411358167924
4.0,45,1000,0.0001,0.02662094291114567,0.026734801861093165
100.0,32,1000,0.0001,0.01986897311365585,0.02334113360168018
0.02,1,1000,0.0001,0.02691219644982262,0.027144706247312494
0.0,228,1000,0.0001,0.03113864983749201,0.02877667709285474
0.05,24,1000,0.0001,0.025396192199610142,0.03051703890194517
0.5,13,1000,0.0001,0.019645704125206366,0.01810565231061567
0.1,37,1000,0.0001,0.02961802377718903,0.03294925904395235
2.0,34,1000,0.0001,0.022941434249712664,0.022796683138157057
0.0,155,1000,0.0001,0.027092916252812786,0.02513286304015211
25.0,37,1000,0.0001,0.0289559614240713,0.026591940019001094
0.1,47,1000,0.0001,0.02537621200060009,0.03146204674533738
50.0,38,1000,0.0001,0.029223350233511792,0.020921303117155992
20.0,29,1000,0.0001,0.03397706951647603,0.027405180109005545
30.0,11,1000,0.0001,0.022902782589129582,0.023172745637281965
8.0,24,1000,0.0001,0.025433859466973494,0.020334834037702018
15.0,12,1000,0.0001,0.03159383611680591,0.0291996813680685
10.0,12,1000,0.0001,0.03151306353217674,0.026139834945747373
8.0,35,1000,0.0001,0.03220609052452633,0.030070747897394938
0.01,17,1000,0.0001,0.02452025807390377,0.021723711294564865
15.0,15,1000,0.0001,0.019664700012000692,0.029843295700785182
0.01,1,1000,0.0001,0.024471917506875406,0.0251460315665785
0.2,48,1000,0.0001,0.02651116515225765,0.026924869085454373
25.0,16,1000,0.0001,0.02622083113155666,0.027222857465873447
10.0,20,1000,0.0001,0.02895393216960865,0.026667489512475766
25.0,10,1000,0.0001,0.025758620423021187,0.024660361418070945
5.0,40,1000,0.0001,0.02771103044752248,0.027167766970348645
24.0,41,1000,0.0001,0.02827752989949514,0.03000269658782944
0.05,44,1000,0.0001,0.02364020921646096,0.021765524366218387
200.0,37,1000,0.0001,0.02835039050152515,0.028809826645332357
12.0,12,1000,0.0001,0.026040159567978408,0.028799052843642255
4.0,13,1000,0.0001,0.029471321890094555,0.02818386025901301
30.0,45,1000,0.0001,0.017075510270513617,0.028272217749887568
22.0,33,1000,0.0001,0.03055819297264876,0.027499403085154375
0.1,12,1000,0.0001,0.02386393075653795,0.02641000614830753
50.0,47,1000,0.0001,0.02631656283014157,0.022151883799190072
8.0,20,1000,0.0001,0.026068065602280144,0.026953519832991758
0.0,65,1000,0.0001,0.020642613365668402,0.019613699532976793
0.01,26,1000,0.0001,0.03333715052952671,0.028856036826841455
0.05,8,1000,0.0001,0.025532756648832627,0.02575798714635746
8.0,5,1000,0.0001,0.02974372494924752,0.029995694937747067
200.0,21,1000,0.0001,0.02205457867493381,0.028328321281064092
24.0,21,1000,0.0001,0.023061297848892492,0.022248360462023234
0.0,174,1000,0.0001,0.029840345193259787,0.026961453326666492
0.0,135,1000,0.0001,0.028682960888044545,0.03285605835691806
0.0,248,1000,0.0001,0.02925614168908453,0.03140982656832848
10.0,22,1000,0.0001,0.021166959834991807,0.022692196202810242
0.0,216,1000,0.0001,0.024133683813190747,0.02784216780039012
4.0,7,1000,0.0001,0.026559941367068466,0.02836454403120171
30.0,47,1000,0.0001,0.02687793525176269,0.027033399096954975
0.05,27,1000,0.0001,0.02751453157357878,0.028772551665583408
20.0,19,1000,0.0001,0.029699298165908397,0.029021201348067502
50.0,29,1000,0.0001,0.02876127198559941,0.028493041948097562
0.1,49,1000,0.0001,0.028382491747587515,0.030236898870943725
24.0,42,1000,0.0001,0.029224776506825437,0.029835016362818226
0.5,0,1000,0.0001,0.017015051556577936,0.024281200214010753
0.0,242,1000,0.0001,0.029394889590479686,0.030740527570378727
28.0,21,1000,0.0001,0.02887518326416321,0.025910830650532655
0.02,35,1000,0.0001,0.02618922595729797,0.024141527503375268
25.0,41,1000,0.0001,0.029592663330166646,0.02768820428321425
0.05,26,1000,0.0001,0.025188027879394077,0.029104245816290824
0.0,59,1000,0.0001,0.025948767878393994,0.025906802046102326
18.0,42,1000,0.0001,0.02661140615230766,0.029435498510925646
30.0,42,1000,0.0001,0.02738152864343229,0.021893267840392076
15.0,40,1000,0.0001,0.03149617107055364,0.030968785968298603
1.0,38,1000,0.0001,0.020063166308315547,0.022767206756337963
4.0,18,1000,0.0001,0.023528463287164448,0.03152751299765007
0.0,195,1000,0.0001,0.024326205224261405,0.02906267134456739
24.0,39,1000,0.0001,0.02622006556427828,0.02939847363568188
1.0,36,1000,0.0001,0.026379907595379917,0.022651066918345977
5.0,34,1000,0.0001,0.029842108282414313,0.029325197087854415
0.0,249,1000,0.0001,0.024633112903645296,0.026262509545477434
100.0,30,1000,0.0001,0.029065160092004765,0.030200229975498837
15.0,42,1000,0.0001,0.023577186988349565,0.02967347097954909
12.0,16,1000,0.0001,0.028831757538877036,0.02571737952297626
0.05,6,1000,0.0001,0.03222851282064111,0.02918430725336276
0.0,241,1000,0.0001,0.031049795422771215,0.030351660261013155
0.01,20,1000,0.0001,0.0311551060453024,0.029775196822841268
0.05,32,1000,0.0001,0.027335542723136326,0.03044030592929656
24.0,49,1000,0.0001,0.028059781247062487,0.031629940287014595
12.0,7,1000,0.0001,0.028478804693234758,0.025329120699035007
0.05,9,1000,0.0001,0.02337132240512041,0.02582044827041363
24.0,20,1000,0.0001,0.024393259618981034,0.021464999619981072
0.0,162,1000,0.0001,0.03298752947147368,0.029487625792289827
0.0,9,1000,0.0001,0.024109415810790763,0.014947734052702746
0.0,156,1000,0.0001,0.03190291135156777,0.02646224669133473
12.0,31,1000,0.0001,0.023748587676383937,0.02277223422071115
10.0,13,1000,0.0001,0.023926024600230144,0.024386331314565895
0.0,239,1000,0.0001,0.029126139722986416,0.026821976602830238
0.0,213,1000,0.0001,0.02585740387719393,0.024720707128356553
5.0,1,1000,0.0001,0.031709880458023046,0.02967567895494784
0.0,140,1000,0.0001,0.02811024322216119,0.026830942626131303
0.1,15,1000,0.0001,0.02300377630481533,0.02482144030701549
0.2,43,1000,0.0001,0.026138922797139964,0.026609691371568697
12.0,14,1000,0.0001,0.028827439737986963,0.02703036064103217
0.0,76,1000,0.0001,0.02979693601880106,0.025043124760238046
2.0,8,1000,0.0001,0.02379832828841445,0.028619735552777713
28.0,20,1000,0.0001,0.022459401902095243,0.03320001089454488
5.0,13,1000,0.0001,0.024985184557227955,0.026435447978399054
24.0,3,1000,0.0001,0.026066728991449663,0.027649702117106007
18.0,10,1000,0.0001,0.02564781297364886,0.02809938750337526
50.0,34,1000,0.0001,0.02522670926846352,0.029202593185659383
12.0,11,1000,0.0001,0.028891271399570127,0.03289700182809165
0.1,45,1000,0.0001,0.034771239569978636,0.030857595497774993
24.0,10,1000,0.0001,0.02897931156857855,0.02849365018850951
30.0,15,1000,0.0001,0.02855304631031559,0.027201091734586895
0.0,220,1000,0.0001,0.015001771658583005,0.02050115049952509
4.0,16,1000,0.0001,0.02687000844342229,0.02921777324366233
0.0,219,1000,0.0001,0.0300626896214812,0.02939617166158317
0.1,24,1000,0.0001,0.0304697202580131,0.02869799242462143
0.05,19,1000,0.0001,0.0246685066053304,0.02058267420871058
0.0,34,1000,0.0001,0.026363385434271858,0.024617409311465763
24.0,16,1000,0.0001,0.02600686857042866,0.027568865562278194
20.0,26,1000,0.0001,0.01872400681034062,0.024139230186509448
0.0,35,1000,0.0001,0.028172173051652743,0.03029655980399034
0.01,12,1000,0.0001,0.027386346876343982,0.02510210310115515
2.0,41,1000,0.0001,0.02942218712935665,0.03200519875893802
20.0,1,1000,0.0001,0.026697560443022236,0.025932329332466787
12.0,6,1000,0.0001,0.030035777329866648,0.02727195087054368
20.0,46,1000,0.0001,0.02116121660683048,0.02855765217160871
0.2,34,1000,0.0001,0.021265276324816302,0.02008878572228622
8.0,31,1000,0.0001,0.029053374197710036,0.021621934142707293
12.0,41,1000,0.0001,0.027236392662633318,0.027010467529376574
0.0,132,1000,0.0001,0.028053956055802895,0.0277989526936349
100.0,15,1000,0.0001,0.03278343069253475,0.031115981160058117
12.0,15,1000,0.0001,0.02520983638481932,0.029682843118155982
50.0,28,1000,0.0001,0.032401331631581695,0.028905324798240015
0.0,42,1000,0.0001,0.02668047679383982,0.02442410203110159
200.0,2,1000,0.0001,0.030251394167708497,0.030385916096804886
0.2,4,1000,0.0001,0.026379028732436756,0.02572534047502391
4.0,14,1000,0.0001,0.030112031491574636,0.026074573992699725
0.05,38,1000,0.0001,0.018515180326016466,0.019260862518126025
0.1,20,1000,0.0001,0.031068850617531,0.032599106600330094
0.01,2,1000,0.0001,0.02940628553027657,0.02900811248462428
0.0,47,1000,0.0001,0.026433985748287488,0.030106859490974757
0.05,18,1000,0.0001,0.027477682853142647,0.029916449294464815
4.0,2,1000,0.0001,0.03010803817390881,0.0326138855232762
18.0,3,1000,0.0001,0.025547885591279643,0.03226144886444324
0.0,12,1000,0.0001,0.021999412369618658,0.02668530844342227
2.0,27,1000,0.0001,0.02608985573178673,0.027779491614580844
0.0,92,1000,0.0001,0.024634913596679936,0.026361166660333186
50.0,8,1000,0.0001,0.027355420208010513,0.028146058241912283
50.0,23,1000,0.0001,0.028438626746337445,0.02478819264163212
0.5,44,1000,0.0001,0.022262254717735984,0.024138995209760594
18.0,4,1000,0.0001,0.03109077726786353,0.033100746129306614
50.0,9,1000,0.0001,0.027593355848792526,0.02808085242762143
25.0,33,1000,0.0001,0.027684722871143715,0.030295793938696976
0.2,11,1000,0.0001,0.021837201129056568,0.026733770655532875
100.0,5,1000,0.0001,0.02764807164658243,0.022453496849842564
24.0,34,1000,0.0001,0.023691678750937636,0.023885269088454557
24.0,29,1000,0.0001,0.030098161305065457,0.031118881425071295
0.0,20,1000,0.0001,0.030258208142407216,0.029400727614380746
5.0,36,1000,0.0001,0.015273855932796709,0.018139739202960258
0.02,22,1000,0.0001,0.02415008141707103,0.028140144398220032
1.0,28,1000,0.0001,0.02381733263963212,0.02842470240412026
28.0,8,1000,0.0001,0.03265649753887715,0.031666465209260614
5.0,23,1000,0.0001,0.029209112709635617,0.02928379707485382
18.0,29,1000,0.0001,0.018454139426971418,0.02322044998849955
50.0,17,1000,0.0001,0.029611818373918828,0.02547788142107116
5.0,35,1000,0.0001,0.030812957874893857,0.024705645590279653
0.0,21,1000,0.0001,0.026317763239162077,0.028923128414420865
4.0,22,1000,0.0001,0.027225008704435363,0.027115940792039682
0.02,34,1000,0.0001,0.028458258055902866,0.027472539448972582
12.0,35,1000,0.0001,0.019399479394969832,0.01567419116155822
0.0,54,1000,0.0001,0.029206407573378747,0.029546057946897512
0.2,27,1000,0.0001,0.020749668676433925,0.018543239658983055
4.0,21,1000,0.0001,0.029450233949697594,0.030278117663883313
12.0,42,1000,0.0001,0.029908159649982714,0.025916937163858296
0.0,169,1000,0.0001,0.03204530441222076,0.030007126403320285
0.02,18,1000,0.0001,0.02837547630181515,0.027042084947247507
8.0,23,1000,0.0001,0.03202725261463083,0.02842562890444533
15.0,0,1000,0.0001,0.030783070392519766,0.03015318440522037
0.05,41,1000,0.0001,0.028327762463123286,0.030845230968548503
15.0,45,1000,0.0001,0.027354808699435063,0.02872277579979024
5.0,45,1000,0.0001,0.02982422417220876,0.02763188250012517
2.0,14,1000,0.0001,0.02924413176358829,0.02503129675783797
0.1,8,1000,0.0001,0.024231491403570334,0.02905237860093016
100.0,8,1000,0.0001,0.028379769526476348,0.028816443968198564
28.0,18,1000,0.0001,0.02870076699935008,0.0299959644442223
0.0,225,1000,0.0001,0.0335812272323618,0.025105466533326858
12.0,4,1000,0.0001,0.028783669413470818,0.021475172328616555
30.0,26,1000,0.0001,0.025531115171758743,0.028617147731386655
100.0,16,1000,0.0001,0.02906962545127271,0.0284632118515927
100.0,20,1000,0.0001,0.02467905654682748,0.031164038712935768
24.0,38,1000,0.0001,0.02142116721736092,0.023110271665583368
28.0,39,1000,0.0001,0.030349590364518373,0.02720373968198416
0.5,4,1000,0.0001,0.029256608098405038,0.027904061607080474
200.0,14,1000,0.0001,0.030085172590629674,0.02889159485574296
0.0,175,1000,0.0001,0.026643818508925436,0.030970294506725553
2.0,19,1000,0.0001,0.03273582865443277,0.026181158950947702
0.0,165,1000,0.0001,0.027617315810790636,0.02733469747587389
8.0,19,1000,0.0001,0.030109155310765665,0.031062633006650384
15.0,34,1000,0.0001,0.028060109713485853,0.027421761177059013
0.0,108,1000,0.0001,0.02320605183359182,0.026859362615130944
1.0,42,1000,0.0001,0.01977957182659141,0.01984221471373581
2.0,48,1000,0.0001,0.02980568309715495,0.030518866965348383
15.0,46,1000,0.0001,0.02434688333116663,0.02799683669883504
100.0,27,1000,0.0001,0.028905300779039123,0.023354081543077273
22.0,9,1000,0.0001,0.0307391531256564,0.03088052011300568
0.05,11,1000,0.0001,0.030506502859143136,0.029910219044952363
25.0,20,1000,0.0001,0.029812295479774133,0.03117628255012769
0.2,37,1000,0.0001,0.024834951887594447,0.02260394103305172
22.0,8,1000,0.0001,0.027720645372268746,0.025657548860443153
20.0,38,1000,0.0001,0.024016905843292396,0.030467947775388818
5.0,7,1000,0.0001,0.03393894001500087,0.03151111860293031
0.0,167,1000,0.0001,0.022005958375918927,0.019811832124606348
0.02,33,1000,0.0001,0.014669547229361597,0.021890810327516448
0.2,20,1000,0.0001,0.023248903854192877,0.020708787446372397
5.0,27,1000,0.0001,0.020322539667983548,0.020612836063803316
2.0,40,1000,0.0001,0.031106236964848284,0.02458213344067221
12.0,45,1000,0.0001,0.025857230594529785,0.02545199107155369
24.0,48,1000,0.0001,0.02312613385869298,0.02798758954347729
22.0,19,1000,0.0001,0.028682461885094393,0.027996827949397663
20.0,41,1000,0.0001,0.024399447829391522,0.024650418252912802
0.01,8,1000,0.0001,0.029337295524776322,0.029613578585929418
15.0,39,1000,0.0001,0.02632546369818506,0.02538320655632794
0.05,10,1000,0.0001,0.022408262742137145,0.024224528036401967
0.0,205,1000,0.0001,0.02048952134706748,0.02178053526576338
0.01,31,1000,0.0001,0.028601032913645894,0.028681833265663443
50.0,36,1000,0.0001,0.030477025119256023,0.027934914665733453
18.0,6,1000,0.0001,0.023816442537127003,0.022592131618581014
0.5,23,1000,0.0001,0.02844654227111371,0.020434796405820386
22.0,25,1000,0.0001,0.023309584497224953,0.020021910214510812
5.0,2,1000,0.0001,0.027842468997449903,0.022133186802340235
5.0,18,1000,0.0001,0.025678639147957552,0.030063164778239043
0.0,62,1000,0.0001,0.02991132778938952,0.029178733372668738
0.0,214,1000,0.0001,0.027545569427471474,0.0271620540527027
30.0,34,1000,0.0001,0.029080880159008102,0.02818590112805648
8.0,6,1000,0.0001,0.030804142302115218,0.02974529741787096
24.0,31,1000,0.0001,0.020984122509125607,0.022906210556527893
0.1,19,1000,0.0001,0.0288436269483475,0.02807914728436437
100.0,2,1000,0.0001,0.019728881038052048,0.018778000522026158
0.5,25,1000,0.0001,0.029366146963348227,0.03077113144557237
20.0,9,1000,0.0001,0.030192139228961575,0.016465703330166583
30.0,5,1000,0.0001,0.02485798950747548,0.028168088456422925
8.0,1,1000,0.0001,0.031181061020051203,0.022984233222661295
100.0,39,1000,0.0001,0.02726399247462386,0.027950835935796885
0.2,3,1000,0.0001,0.028204571415570825,0.0186621452672635
28.0,3,1000,0.0001,0.023531639140957152,0.026745187948397562
12.0,29,1000,0.0001,0.03189486753337679,0.03067340675133764
0.05,30,1000,0.0001,0.027724448347417562,0.029176327682384196
0.0,229,1000,0.0001,0.031188118563928315,0.027882134571728646
0.0,217,1000,0.0001,0.02888120199709988,0.02491769500475038
1.0,4,1000,0.0001,0.032399585785289425,0.028592755720786175
18.0,8,1000,0.0001,0.032188619410970724,0.030934782692134677
0.0,29,1000,0.0001,0.027557324234211818,0.028052687771388713
18.0,16,1000,0.0001,0.027102601478074025,0.030211706387319445
2.0,32,1000,0.0001,0.022008978453922783,0.025984697291864683
10.0,8,1000,0.0001,0.030410605765288368,0.028967698610930626
25.0,12,1000,0.0001,0.028105994103705286,0.025602919509975543
50.0,48,1000,0.0001,0.02290111141157065,0.024929413848692634
100.0,44,1000,0.0001,0.026306455321766276,0.02907253303965208
200.0,22,1000,0.0001,0.028648764482224198,0.03496701768488425
0.0,198,1000,0.0001,0.026735980489024543,0.02974859521676098
0.02,21,1000,0.0001,0.028397118363918342,0.024139281578079045
0.0,145,1000,0.0001,0.02771275502575146,0.028803658574928892
